"id";"position";"is_captain";"is_vice_captain";"multiplier";"web_name";"now_cost";"selected_by_percent"
190;1;FALSE;FALSE;1;"Hamer";40;"6.8"
247;2;FALSE;FALSE;1;"Robertson";61;"21.0"
115;3;FALSE;FALSE;1;"Alonso";67;"33.2"
267;4;FALSE;FALSE;1;"Mendy";63;"33.0"
251;5;FALSE;FALSE;1;"Mané";98;"37.2"
253;6;TRUE;FALSE;2;"Salah";130;"54.9"
18;7;FALSE;FALSE;1;"Mkhitaryan";71;"20.3"
182;8;FALSE;FALSE;1;"Cairney";49;"2.2"
211;9;FALSE;FALSE;1;"Mounie";60;"0.3"
23;10;FALSE;FALSE;1;"Aubameyang";109;"14.4"
480;11;FALSE;TRUE;1;"Mitrovic";66;"11.6"
1;12;FALSE;FALSE;1;"Cech";50;"2.1"
522;13;FALSE;FALSE;1;"Stankovic";40;"3.5"
138;14;FALSE;FALSE;1;"Tomkins";45;"6.4"
80;15;FALSE;FALSE;1;"Westwood";45;"1.8"
468;1;FALSE;FALSE;1;"Alisson";55;"18.0"
115;2;FALSE;FALSE;1;"Alonso";67;"33.2"
162;3;FALSE;FALSE;1;"Keane";50;"2.1"
357;4;FALSE;FALSE;1;"Trippier";60;"24.2"
253;5;TRUE;FALSE;2;"Salah";130;"54.9"
251;6;FALSE;FALSE;1;"Mané";98;"37.2"
459;7;FALSE;FALSE;1;"Jorginho";51;"14.6"
164;8;FALSE;FALSE;1;"Walcott";67;"13.5"
45;9;FALSE;FALSE;1;"King";64;"4.4"
280;10;FALSE;TRUE;1;"Agüero";113;"48.4"
480;11;FALSE;FALSE;1;"Mitrovic";66;"11.6"
47;12;FALSE;FALSE;1;"Ryan";45;"4.3"
522;13;FALSE;FALSE;1;"Stankovic";40;"3.5"
182;14;FALSE;FALSE;1;"Cairney";49;"2.2"
262;15;FALSE;FALSE;1;"Stones";55;"9.9"
468;1;FALSE;FALSE;1;"Alisson";55;"18.0"
267;2;FALSE;FALSE;1;"Mendy";63;"33.0"
247;3;FALSE;FALSE;1;"Robertson";61;"21.0"
115;4;FALSE;FALSE;1;"Alonso";67;"33.2"
357;5;FALSE;FALSE;1;"Trippier";60;"24.2"
182;6;FALSE;FALSE;1;"Cairney";49;"2.2"
253;7;TRUE;FALSE;2;"Salah";130;"54.9"
122;8;FALSE;FALSE;1;"Hazard";106;"14.5"
391;9;FALSE;FALSE;1;"Pereyra";62;"11.0"
480;10;FALSE;FALSE;1;"Mitrovic";66;"11.6"
280;11;FALSE;TRUE;1;"Agüero";113;"48.4"
136;12;FALSE;FALSE;1;"Speroni";40;"12.5"
145;13;FALSE;FALSE;1;"Wan-Bissaka";41;"21.9"
86;14;FALSE;FALSE;1;"Wells";45;"1.9"
433;15;FALSE;FALSE;1;"Neves";51;"23.6"
260;1;FALSE;FALSE;1;"Ederson";56;"22.3"
247;2;FALSE;FALSE;1;"Robertson";61;"21.0"
267;3;FALSE;FALSE;1;"Mendy";63;"33.0"
28;4;FALSE;FALSE;1;"Daniels";45;"13.4"
393;5;FALSE;FALSE;1;"Richarlison";67;"23.5"
251;6;FALSE;FALSE;1;"Mané";98;"37.2"
253;7;TRUE;FALSE;2;"Salah";130;"54.9"
125;8;FALSE;FALSE;1;"Pedro";67;"10.6"
18;9;FALSE;FALSE;1;"Mkhitaryan";71;"20.3"
151;10;FALSE;FALSE;1;"Zaha";70;"32.5"
280;11;FALSE;TRUE;1;"Agüero";113;"48.4"
445;12;FALSE;FALSE;1;"Foster";45;"4.8"
189;13;FALSE;FALSE;1;"Kamara";45;"11.2"
95;14;FALSE;FALSE;1;"Peltier";40;"3.1"
145;15;FALSE;FALSE;1;"Wan-Bissaka";41;"21.9"
260;1;FALSE;FALSE;1;"Ederson";56;"22.3"
72;2;FALSE;FALSE;1;"Tarkowski";50;"10.0"
357;3;FALSE;FALSE;1;"Trippier";60;"24.2"
267;4;FALSE;FALSE;1;"Mendy";63;"33.0"
253;5;TRUE;FALSE;2;"Salah";130;"54.9"
251;6;FALSE;FALSE;1;"Mané";98;"37.2"
393;7;FALSE;FALSE;1;"Richarlison";67;"23.5"
125;8;FALSE;FALSE;1;"Pedro";67;"10.6"
480;9;FALSE;FALSE;1;"Mitrovic";66;"11.6"
280;10;FALSE;TRUE;1;"Agüero";113;"48.4"
45;11;FALSE;FALSE;1;"King";64;"4.4"
422;12;FALSE;FALSE;1;"Norris";40;"2.4"
433;13;FALSE;FALSE;1;"Neves";51;"23.6"
145;14;FALSE;FALSE;1;"Wan-Bissaka";41;"21.9"
52;15;FALSE;FALSE;1;"Suttner";40;"6.6"
260;1;FALSE;FALSE;1;"Ederson";56;"22.3"
247;2;FALSE;FALSE;1;"Robertson";61;"21.0"
355;3;FALSE;FALSE;1;"Vertonghen";60;"10.8"
246;4;FALSE;FALSE;1;"van Dijk";60;"18.5"
267;5;FALSE;FALSE;1;"Mendy";63;"33.0"
251;6;FALSE;TRUE;1;"Mané";98;"37.2"
304;7;FALSE;FALSE;1;"Fred";59;"3.1"
164;8;FALSE;FALSE;1;"Walcott";67;"13.5"
280;9;TRUE;FALSE;2;"Agüero";113;"48.4"
372;10;FALSE;FALSE;1;"Kane";125;"28.5"
43;11;FALSE;FALSE;1;"Wilson";62;"14.3"
445;12;FALSE;FALSE;1;"Foster";45;"4.8"
70;13;FALSE;FALSE;1;"Mee";50;"4.4"
433;14;FALSE;FALSE;1;"Neves";51;"23.6"
56;15;FALSE;FALSE;1;"Stephens";45;"8.5"
260;1;FALSE;FALSE;1;"Ederson";56;"22.3"
247;2;FALSE;FALSE;1;"Robertson";61;"21.0"
115;3;FALSE;FALSE;1;"Alonso";67;"33.2"
267;4;FALSE;FALSE;1;"Mendy";63;"33.0"
253;5;TRUE;FALSE;2;"Salah";130;"54.9"
391;6;FALSE;FALSE;1;"Pereyra";62;"11.0"
251;7;FALSE;FALSE;1;"Mané";98;"37.2"
15;8;FALSE;FALSE;1;"Iwobi";55;"1.7"
18;9;FALSE;FALSE;1;"Mkhitaryan";71;"20.3"
280;10;FALSE;TRUE;1;"Agüero";113;"48.4"
480;11;FALSE;FALSE;1;"Mitrovic";66;"11.6"
190;12;FALSE;FALSE;1;"Hamer";40;"6.8"
189;13;FALSE;FALSE;1;"Kamara";45;"11.2"
427;14;FALSE;FALSE;1;"Bennett";40;"7.7"
145;15;FALSE;FALSE;1;"Wan-Bissaka";41;"21.9"
260;1;FALSE;FALSE;1;"Ederson";56;"22.3"
267;2;FALSE;FALSE;1;"Mendy";63;"33.0"
115;3;FALSE;FALSE;1;"Alonso";67;"33.2"
245;4;FALSE;FALSE;1;"Alexander-Arnold";50;"17.1"
357;5;FALSE;FALSE;1;"Trippier";60;"24.2"
253;6;TRUE;FALSE;2;"Salah";130;"54.9"
251;7;FALSE;FALSE;1;"Mané";98;"37.2"
393;8;FALSE;FALSE;1;"Richarlison";67;"23.5"
43;9;FALSE;FALSE;1;"Wilson";62;"14.3"
151;10;FALSE;FALSE;1;"Zaha";70;"32.5"
280;11;FALSE;TRUE;1;"Agüero";113;"48.4"
400;12;FALSE;FALSE;1;"Fabianski";45;"15.6"
433;13;FALSE;FALSE;1;"Neves";51;"23.6"
95;14;FALSE;FALSE;1;"Peltier";40;"3.1"
131;15;FALSE;FALSE;1;"Hudson-Odoi";44;"1.6"
154;1;FALSE;FALSE;1;"Pickford";50;"17.9"
267;2;FALSE;FALSE;1;"Mendy";63;"33.0"
115;3;FALSE;FALSE;1;"Alonso";67;"33.2"
247;4;FALSE;FALSE;1;"Robertson";61;"21.0"
253;5;TRUE;FALSE;2;"Salah";130;"54.9"
251;6;FALSE;TRUE;1;"Mané";98;"37.2"
393;7;FALSE;FALSE;1;"Richarlison";67;"23.5"
459;8;FALSE;FALSE;1;"Jorginho";51;"14.6"
151;9;FALSE;FALSE;1;"Zaha";70;"32.5"
258;10;FALSE;FALSE;1;"Ings";56;"5.3"
280;11;FALSE;FALSE;1;"Agüero";113;"48.4"
24;12;FALSE;FALSE;1;"Begovic";45;"4.8"
433;13;FALSE;FALSE;1;"Neves";51;"23.6"
95;14;FALSE;FALSE;1;"Peltier";40;"3.1"
145;15;FALSE;FALSE;1;"Wan-Bissaka";41;"21.9"
468;1;FALSE;FALSE;1;"Alisson";55;"18.0"
357;2;FALSE;FALSE;1;"Trippier";60;"24.2"
267;3;FALSE;FALSE;1;"Mendy";63;"33.0"
265;4;FALSE;FALSE;1;"Walker";65;"10.4"
72;5;FALSE;FALSE;1;"Tarkowski";50;"10.0"
115;6;FALSE;FALSE;1;"Alonso";67;"33.2"
251;7;FALSE;TRUE;1;"Mané";98;"37.2"
459;8;FALSE;FALSE;1;"Jorginho";51;"14.6"
253;9;TRUE;FALSE;2;"Salah";130;"54.9"
304;10;FALSE;FALSE;1;"Fred";59;"3.1"
280;11;FALSE;FALSE;1;"Agüero";113;"48.4"
454;12;FALSE;FALSE;1;"Patrício";45;"5.4"
189;13;FALSE;FALSE;1;"Kamara";45;"11.2"
437;14;FALSE;FALSE;1;"Jiménez";55;"5.0"
433;15;FALSE;FALSE;1;"Neves";51;"23.6"
468;1;FALSE;FALSE;1;"Alisson";55;"18.0"
357;2;FALSE;FALSE;1;"Trippier";60;"24.2"
267;3;FALSE;FALSE;1;"Mendy";63;"33.0"
247;4;FALSE;FALSE;1;"Robertson";61;"21.0"
378;5;FALSE;FALSE;1;"Holebas";46;"9.0"
122;6;FALSE;FALSE;1;"Hazard";106;"14.5"
253;7;TRUE;FALSE;2;"Salah";130;"54.9"
164;8;FALSE;FALSE;1;"Walcott";67;"13.5"
459;9;FALSE;FALSE;1;"Jorginho";51;"14.6"
417;10;FALSE;FALSE;1;"Arnautovic";70;"17.9"
280;11;FALSE;TRUE;1;"Agüero";113;"48.4"
88;12;FALSE;FALSE;1;"Etheridge";46;"5.6"
27;13;FALSE;FALSE;1;"Steve Cook";46;"8.7"
433;14;FALSE;FALSE;1;"Neves";51;"23.6"
189;15;FALSE;FALSE;1;"Kamara";45;"11.2"
468;1;FALSE;FALSE;1;"Alisson";55;"18.0"
115;2;FALSE;FALSE;1;"Alonso";67;"33.2"
267;3;FALSE;FALSE;1;"Mendy";63;"33.0"
247;4;FALSE;FALSE;1;"Robertson";61;"21.0"
391;5;FALSE;FALSE;1;"Pereyra";62;"11.0"
393;6;FALSE;FALSE;1;"Richarlison";67;"23.5"
253;7;TRUE;FALSE;2;"Salah";130;"54.9"
125;8;FALSE;FALSE;1;"Pedro";67;"10.6"
151;9;FALSE;FALSE;1;"Zaha";70;"32.5"
43;10;FALSE;FALSE;1;"Wilson";62;"14.3"
280;11;FALSE;TRUE;1;"Agüero";113;"48.4"
329;12;FALSE;FALSE;1;"Forster";44;"1.0"
28;13;FALSE;FALSE;1;"Daniels";45;"13.4"
141;14;FALSE;FALSE;1;"Schlupp";45;"4.4"
297;15;FALSE;FALSE;1;"Mata";64;"1.7"
445;1;FALSE;FALSE;1;"Foster";45;"4.8"
357;2;FALSE;FALSE;1;"Trippier";60;"24.2"
247;3;FALSE;FALSE;1;"Robertson";61;"21.0"
267;4;FALSE;FALSE;1;"Mendy";63;"33.0"
251;5;FALSE;FALSE;1;"Mané";98;"37.2"
253;6;TRUE;FALSE;2;"Salah";130;"54.9"
393;7;FALSE;FALSE;1;"Richarlison";67;"23.5"
370;8;FALSE;FALSE;1;"Lucas Moura";71;"8.7"
480;9;FALSE;FALSE;1;"Mitrovic";66;"11.6"
280;10;FALSE;TRUE;1;"Agüero";113;"48.4"
151;11;FALSE;FALSE;1;"Zaha";70;"32.5"
509;12;FALSE;FALSE;1;"Rico";45;"0.2"
95;13;FALSE;FALSE;1;"Peltier";40;"3.1"
131;14;FALSE;FALSE;1;"Hudson-Odoi";44;"1.6"
145;15;FALSE;FALSE;1;"Wan-Bissaka";41;"21.9"
260;1;FALSE;FALSE;1;"Ederson";56;"22.3"
115;2;TRUE;FALSE;2;"Alonso";67;"33.2"
267;3;FALSE;FALSE;1;"Mendy";63;"33.0"
247;4;FALSE;FALSE;1;"Robertson";61;"21.0"
72;5;FALSE;FALSE;1;"Tarkowski";50;"10.0"
393;6;FALSE;FALSE;1;"Richarlison";67;"23.5"
302;7;FALSE;FALSE;1;"Pogba";82;"17.9"
253;8;FALSE;TRUE;1;"Salah";130;"54.9"
15;9;FALSE;FALSE;1;"Iwobi";55;"1.7"
43;10;FALSE;FALSE;1;"Wilson";62;"14.3"
280;11;FALSE;FALSE;1;"Agüero";113;"48.4"
490;12;FALSE;FALSE;1;"Hart";45;"5.9"
151;13;FALSE;FALSE;1;"Zaha";70;"32.5"
138;14;FALSE;FALSE;1;"Tomkins";45;"6.4"
433;15;FALSE;FALSE;1;"Neves";51;"23.6"
498;1;FALSE;FALSE;1;"Kepa";55;"3.9"
267;2;FALSE;FALSE;1;"Mendy";63;"33.0"
247;3;FALSE;FALSE;1;"Robertson";61;"21.0"
115;4;FALSE;FALSE;1;"Alonso";67;"33.2"
251;5;FALSE;TRUE;1;"Mané";98;"37.2"
370;6;FALSE;FALSE;1;"Lucas Moura";71;"8.7"
393;7;FALSE;FALSE;1;"Richarlison";67;"23.5"
276;8;FALSE;FALSE;1;"Bernardo Silva";76;"10.4"
18;9;FALSE;FALSE;1;"Mkhitaryan";71;"20.3"
257;10;FALSE;FALSE;1;"Firmino";95;"29.1"
280;11;TRUE;FALSE;2;"Agüero";113;"48.4"
400;12;FALSE;FALSE;1;"Fabianski";45;"15.6"
138;13;FALSE;FALSE;1;"Tomkins";45;"6.4"
189;14;FALSE;FALSE;1;"Kamara";45;"11.2"
145;15;FALSE;FALSE;1;"Wan-Bissaka";41;"21.9"
260;1;FALSE;FALSE;1;"Ederson";56;"22.3"
247;2;FALSE;FALSE;1;"Robertson";61;"21.0"
115;3;FALSE;FALSE;1;"Alonso";67;"33.2"
72;4;FALSE;FALSE;1;"Tarkowski";50;"10.0"
393;5;FALSE;FALSE;1;"Richarlison";67;"23.5"
253;6;FALSE;FALSE;1;"Salah";130;"54.9"
251;7;TRUE;FALSE;2;"Mané";98;"37.2"
18;8;FALSE;FALSE;1;"Mkhitaryan";71;"20.3"
433;9;FALSE;FALSE;1;"Neves";51;"23.6"
280;10;FALSE;TRUE;1;"Agüero";113;"48.4"
480;11;FALSE;FALSE;1;"Mitrovic";66;"11.6"
400;12;FALSE;FALSE;1;"Fabianski";45;"15.6"
153;13;FALSE;FALSE;1;"Sørloth";50;"0.3"
140;14;FALSE;FALSE;1;"Kelly";40;"6.5"
32;15;FALSE;FALSE;1;"Simpson";40;"5.0"
260;1;FALSE;FALSE;1;"Ederson";56;"22.3"
247;2;FALSE;FALSE;1;"Robertson";61;"21.0"
357;3;FALSE;FALSE;1;"Trippier";60;"24.2"
72;4;FALSE;FALSE;1;"Tarkowski";50;"10.0"
245;5;FALSE;FALSE;1;"Alexander-Arnold";50;"17.1"
276;6;FALSE;FALSE;1;"Bernardo Silva";76;"10.4"
251;7;FALSE;TRUE;1;"Mané";98;"37.2"
393;8;FALSE;FALSE;1;"Richarlison";67;"23.5"
370;9;FALSE;FALSE;1;"Lucas Moura";71;"8.7"
45;10;FALSE;FALSE;1;"King";64;"4.4"
280;11;TRUE;FALSE;2;"Agüero";113;"48.4"
154;12;FALSE;FALSE;1;"Pickford";50;"17.9"
151;13;FALSE;FALSE;1;"Zaha";70;"32.5"
150;14;FALSE;FALSE;1;"Milivojevic";64;"6.0"
312;15;FALSE;FALSE;1;"Lascelles";50;"6.4"
468;1;FALSE;FALSE;1;"Alisson";55;"18.0"
246;2;FALSE;FALSE;1;"van Dijk";60;"18.5"
357;3;FALSE;FALSE;1;"Trippier";60;"24.2"
267;4;FALSE;FALSE;1;"Mendy";63;"33.0"
122;5;FALSE;FALSE;1;"Hazard";106;"14.5"
275;6;FALSE;TRUE;1;"Sané";93;"6.1"
251;7;FALSE;FALSE;1;"Mané";98;"37.2"
18;8;FALSE;FALSE;1;"Mkhitaryan";71;"20.3"
43;9;FALSE;FALSE;1;"Wilson";62;"14.3"
280;10;TRUE;FALSE;2;"Agüero";113;"48.4"
480;11;FALSE;FALSE;1;"Mitrovic";66;"11.6"
136;12;FALSE;FALSE;1;"Speroni";40;"12.5"
145;13;FALSE;FALSE;1;"Wan-Bissaka";41;"21.9"
303;14;FALSE;FALSE;1;"McTominay";44;"0.7"
196;15;FALSE;FALSE;1;"Malone";40;"2.8"
282;1;FALSE;FALSE;1;"De Gea";60;"23.9"
115;2;FALSE;FALSE;1;"Alonso";67;"33.2"
220;3;FALSE;FALSE;1;"Maguire";55;"15.7"
246;4;FALSE;FALSE;1;"van Dijk";60;"18.5"
18;5;FALSE;FALSE;1;"Mkhitaryan";71;"20.3"
393;6;FALSE;FALSE;1;"Richarlison";67;"23.5"
276;7;FALSE;FALSE;1;"Bernardo Silva";76;"10.4"
251;8;TRUE;FALSE;2;"Mané";98;"37.2"
480;9;FALSE;FALSE;1;"Mitrovic";66;"11.6"
43;10;FALSE;FALSE;1;"Wilson";62;"14.3"
280;11;FALSE;TRUE;1;"Agüero";113;"48.4"
154;12;FALSE;FALSE;1;"Pickford";50;"17.9"
72;13;FALSE;FALSE;1;"Tarkowski";50;"10.0"
184;14;FALSE;FALSE;1;"Sessegnon";64;"6.4"
330;15;FALSE;FALSE;1;"Bertrand";50;"5.9"
445;1;FALSE;FALSE;1;"Foster";45;"4.8"
267;2;FALSE;FALSE;1;"Mendy";63;"33.0"
247;3;FALSE;FALSE;1;"Robertson";61;"21.0"
220;4;FALSE;FALSE;1;"Maguire";55;"15.7"
253;5;TRUE;FALSE;2;"Salah";130;"54.9"
251;6;FALSE;FALSE;1;"Mané";98;"37.2"
276;7;FALSE;FALSE;1;"Bernardo Silva";76;"10.4"
393;8;FALSE;FALSE;1;"Richarlison";67;"23.5"
480;9;FALSE;FALSE;1;"Mitrovic";66;"11.6"
43;10;FALSE;FALSE;1;"Wilson";62;"14.3"
280;11;FALSE;TRUE;1;"Agüero";113;"48.4"
400;12;FALSE;FALSE;1;"Fabianski";45;"15.6"
459;13;FALSE;FALSE;1;"Jorginho";51;"14.6"
95;14;FALSE;FALSE;1;"Peltier";40;"3.1"
145;15;FALSE;FALSE;1;"Wan-Bissaka";41;"21.9"
24;1;FALSE;FALSE;1;"Begovic";45;"4.8"
247;2;FALSE;FALSE;1;"Robertson";61;"21.0"
115;3;FALSE;FALSE;1;"Alonso";67;"33.2"
90;4;FALSE;FALSE;1;"Morrison";50;"0.5"
357;5;FALSE;FALSE;1;"Trippier";60;"24.2"
253;6;TRUE;FALSE;2;"Salah";130;"54.9"
393;7;FALSE;FALSE;1;"Richarlison";67;"23.5"
251;8;FALSE;FALSE;1;"Mané";98;"37.2"
433;9;FALSE;FALSE;1;"Neves";51;"23.6"
280;10;FALSE;TRUE;1;"Agüero";113;"48.4"
480;11;FALSE;FALSE;1;"Mitrovic";66;"11.6"
47;12;FALSE;FALSE;1;"Ryan";45;"4.3"
478;13;FALSE;FALSE;1;"Schürrle";59;"3.7"
258;14;FALSE;FALSE;1;"Ings";56;"5.3"
423;15;FALSE;FALSE;1;"Boly";45;"1.6"
445;1;FALSE;FALSE;1;"Foster";45;"4.8"
115;2;FALSE;FALSE;1;"Alonso";67;"33.2"
267;3;FALSE;FALSE;1;"Mendy";63;"33.0"
247;4;FALSE;FALSE;1;"Robertson";61;"21.0"
251;5;FALSE;FALSE;1;"Mané";98;"37.2"
253;6;TRUE;FALSE;2;"Salah";130;"54.9"
393;7;FALSE;FALSE;1;"Richarlison";67;"23.5"
370;8;FALSE;FALSE;1;"Lucas Moura";71;"8.7"
151;9;FALSE;FALSE;1;"Zaha";70;"32.5"
280;10;FALSE;TRUE;1;"Agüero";113;"48.4"
258;11;FALSE;FALSE;1;"Ings";56;"5.3"
400;12;FALSE;FALSE;1;"Fabianski";45;"15.6"
95;13;FALSE;FALSE;1;"Peltier";40;"3.1"
167;14;FALSE;FALSE;1;"Schneiderlin";45;"2.2"
145;15;FALSE;FALSE;1;"Wan-Bissaka";41;"21.9"
490;1;FALSE;FALSE;1;"Hart";45;"5.9"
115;2;FALSE;FALSE;1;"Alonso";67;"33.2"
245;3;FALSE;FALSE;1;"Alexander-Arnold";50;"17.1"
247;4;FALSE;FALSE;1;"Robertson";61;"21.0"
267;5;FALSE;FALSE;1;"Mendy";63;"33.0"
391;6;FALSE;FALSE;1;"Pereyra";62;"11.0"
253;7;TRUE;FALSE;2;"Salah";130;"54.9"
122;8;FALSE;FALSE;1;"Hazard";106;"14.5"
18;9;FALSE;FALSE;1;"Mkhitaryan";71;"20.3"
280;10;FALSE;TRUE;1;"Agüero";113;"48.4"
43;11;FALSE;FALSE;1;"Wilson";62;"14.3"
190;12;FALSE;FALSE;1;"Hamer";40;"6.8"
40;13;FALSE;FALSE;1;"Fraser";56;"5.3"
145;14;FALSE;FALSE;1;"Wan-Bissaka";41;"21.9"
189;15;FALSE;FALSE;1;"Kamara";45;"11.2"
260;1;FALSE;FALSE;1;"Ederson";56;"22.3"
245;2;FALSE;FALSE;1;"Alexander-Arnold";50;"17.1"
267;3;FALSE;FALSE;1;"Mendy";63;"33.0"
115;4;FALSE;FALSE;1;"Alonso";67;"33.2"
357;5;FALSE;FALSE;1;"Trippier";60;"24.2"
253;6;TRUE;FALSE;2;"Salah";130;"54.9"
393;7;FALSE;FALSE;1;"Richarlison";67;"23.5"
251;8;FALSE;FALSE;1;"Mané";98;"37.2"
151;9;FALSE;FALSE;1;"Zaha";70;"32.5"
280;10;FALSE;TRUE;1;"Agüero";113;"48.4"
417;11;FALSE;FALSE;1;"Arnautovic";70;"17.9"
190;12;FALSE;FALSE;1;"Hamer";40;"6.8"
145;13;FALSE;FALSE;1;"Wan-Bissaka";41;"21.9"
188;14;FALSE;FALSE;1;"Fonte";44;"0.4"
202;15;FALSE;FALSE;1;"Billing";45;"0.3"
260;1;FALSE;FALSE;1;"Ederson";56;"22.3"
72;2;FALSE;FALSE;1;"Tarkowski";50;"10.0"
267;3;FALSE;FALSE;1;"Mendy";63;"33.0"
357;4;FALSE;FALSE;1;"Trippier";60;"24.2"
115;5;FALSE;FALSE;1;"Alonso";67;"33.2"
251;6;FALSE;FALSE;1;"Mané";98;"37.2"
18;7;FALSE;FALSE;1;"Mkhitaryan";71;"20.3"
253;8;TRUE;FALSE;2;"Salah";130;"54.9"
393;9;FALSE;FALSE;1;"Richarlison";67;"23.5"
280;10;FALSE;TRUE;1;"Agüero";113;"48.4"
151;11;FALSE;FALSE;1;"Zaha";70;"32.5"
25;12;FALSE;FALSE;1;"Boruc";40;"6.8"
145;13;FALSE;FALSE;1;"Wan-Bissaka";41;"21.9"
56;14;FALSE;FALSE;1;"Stephens";45;"8.5"
209;15;FALSE;FALSE;1;"Quaner";45;"4.2"
88;1;FALSE;FALSE;1;"Etheridge";46;"5.6"
115;2;FALSE;FALSE;1;"Alonso";67;"33.2"
247;3;FALSE;FALSE;1;"Robertson";61;"21.0"
267;4;FALSE;FALSE;1;"Mendy";63;"33.0"
391;5;FALSE;FALSE;1;"Pereyra";62;"11.0"
253;6;TRUE;FALSE;2;"Salah";130;"54.9"
393;7;FALSE;FALSE;1;"Richarlison";67;"23.5"
125;8;FALSE;FALSE;1;"Pedro";67;"10.6"
251;9;FALSE;FALSE;1;"Mané";98;"37.2"
43;10;FALSE;FALSE;1;"Wilson";62;"14.3"
280;11;FALSE;TRUE;1;"Agüero";113;"48.4"
328;12;FALSE;FALSE;1;"McCarthy";45;"3.1"
72;13;FALSE;FALSE;1;"Tarkowski";50;"10.0"
189;14;FALSE;FALSE;1;"Kamara";45;"11.2"
145;15;FALSE;FALSE;1;"Wan-Bissaka";41;"21.9"
400;1;FALSE;FALSE;1;"Fabianski";45;"15.6"
247;2;FALSE;FALSE;1;"Robertson";61;"21.0"
267;3;FALSE;FALSE;1;"Mendy";63;"33.0"
195;4;FALSE;FALSE;1;"Zanka";45;"5.6"
253;5;TRUE;FALSE;2;"Salah";130;"54.9"
251;6;FALSE;FALSE;1;"Mané";98;"37.2"
370;7;FALSE;FALSE;1;"Lucas Moura";71;"8.7"
393;8;FALSE;FALSE;1;"Richarlison";67;"23.5"
151;9;FALSE;FALSE;1;"Zaha";70;"32.5"
280;10;FALSE;TRUE;1;"Agüero";113;"48.4"
258;11;FALSE;FALSE;1;"Ings";56;"5.3"
445;12;FALSE;FALSE;1;"Foster";45;"4.8"
56;13;FALSE;FALSE;1;"Stephens";45;"8.5"
145;14;FALSE;FALSE;1;"Wan-Bissaka";41;"21.9"
291;15;FALSE;FALSE;1;"Bailly";54;"3.0"
445;1;FALSE;FALSE;1;"Foster";45;"4.8"
247;2;FALSE;FALSE;1;"Robertson";61;"21.0"
357;3;FALSE;FALSE;1;"Trippier";60;"24.2"
267;4;FALSE;FALSE;1;"Mendy";63;"33.0"
393;5;FALSE;FALSE;1;"Richarlison";67;"23.5"
370;6;FALSE;FALSE;1;"Lucas Moura";71;"8.7"
251;7;FALSE;FALSE;1;"Mané";98;"37.2"
253;8;TRUE;FALSE;2;"Salah";130;"54.9"
151;9;FALSE;FALSE;1;"Zaha";70;"32.5"
280;10;FALSE;TRUE;1;"Agüero";113;"48.4"
45;11;FALSE;FALSE;1;"King";64;"4.4"
400;12;FALSE;FALSE;1;"Fabianski";45;"15.6"
95;13;FALSE;FALSE;1;"Peltier";40;"3.1"
427;14;FALSE;FALSE;1;"Bennett";40;"7.7"
56;15;FALSE;FALSE;1;"Stephens";45;"8.5"
400;1;FALSE;FALSE;1;"Fabianski";45;"15.6"
247;2;FALSE;FALSE;1;"Robertson";61;"21.0"
378;3;FALSE;FALSE;1;"Holebas";46;"9.0"
267;4;FALSE;FALSE;1;"Mendy";63;"33.0"
393;5;FALSE;FALSE;1;"Richarlison";67;"23.5"
125;6;FALSE;FALSE;1;"Pedro";67;"10.6"
253;7;FALSE;TRUE;1;"Salah";130;"54.9"
251;8;FALSE;FALSE;1;"Mané";98;"37.2"
151;9;FALSE;FALSE;1;"Zaha";70;"32.5"
43;10;FALSE;FALSE;1;"Wilson";62;"14.3"
280;11;TRUE;FALSE;2;"Agüero";113;"48.4"
47;12;FALSE;FALSE;1;"Ryan";45;"4.3"
233;13;FALSE;FALSE;1;"Maddison";65;"2.4"
145;14;FALSE;FALSE;1;"Wan-Bissaka";41;"21.9"
427;15;FALSE;FALSE;1;"Bennett";40;"7.7"
468;1;FALSE;FALSE;1;"Alisson";55;"18.0"
246;2;FALSE;FALSE;1;"van Dijk";60;"18.5"
115;3;FALSE;FALSE;1;"Alonso";67;"33.2"
267;4;FALSE;FALSE;1;"Mendy";63;"33.0"
357;5;FALSE;FALSE;1;"Trippier";60;"24.2"
253;6;TRUE;FALSE;2;"Salah";130;"54.9"
164;7;FALSE;FALSE;1;"Walcott";67;"13.5"
182;8;FALSE;FALSE;1;"Cairney";49;"2.2"
480;9;FALSE;FALSE;1;"Mitrovic";66;"11.6"
151;10;FALSE;FALSE;1;"Zaha";70;"32.5"
280;11;FALSE;TRUE;1;"Agüero";113;"48.4"
136;12;FALSE;FALSE;1;"Speroni";40;"12.5"
183;13;FALSE;FALSE;1;"McDonald";45;"0.3"
167;14;FALSE;FALSE;1;"Schneiderlin";45;"2.2"
145;15;FALSE;FALSE;1;"Wan-Bissaka";41;"21.9"
490;1;FALSE;FALSE;1;"Hart";45;"5.9"
247;2;FALSE;FALSE;1;"Robertson";61;"21.0"
357;3;FALSE;FALSE;1;"Trippier";60;"24.2"
221;4;FALSE;FALSE;1;"Pereira";51;"5.5"
276;5;FALSE;FALSE;1;"Bernardo Silva";76;"10.4"
251;6;FALSE;TRUE;1;"Mané";98;"37.2"
40;7;FALSE;FALSE;1;"Fraser";56;"5.3"
370;8;FALSE;FALSE;1;"Lucas Moura";71;"8.7"
480;9;FALSE;FALSE;1;"Mitrovic";66;"11.6"
280;10;TRUE;FALSE;2;"Agüero";113;"48.4"
45;11;FALSE;FALSE;1;"King";64;"4.4"
400;12;FALSE;FALSE;1;"Fabianski";45;"15.6"
506;13;FALSE;FALSE;1;"Mina";55;"1.0"
262;14;FALSE;FALSE;1;"Stones";55;"9.9"
432;15;FALSE;FALSE;1;"Jota";63;"2.9"
490;1;FALSE;FALSE;1;"Hart";45;"5.9"
267;2;FALSE;FALSE;1;"Mendy";63;"33.0"
115;3;FALSE;FALSE;1;"Alonso";67;"33.2"
247;4;FALSE;FALSE;1;"Robertson";61;"21.0"
274;5;FALSE;FALSE;1;"Gündogan";55;"2.9"
251;6;FALSE;TRUE;1;"Mané";98;"37.2"
253;7;TRUE;FALSE;3;"Salah";130;"54.9"
393;8;FALSE;FALSE;1;"Richarlison";67;"23.5"
417;9;FALSE;FALSE;1;"Arnautovic";70;"17.9"
280;10;FALSE;FALSE;1;"Agüero";113;"48.4"
151;11;FALSE;FALSE;1;"Zaha";70;"32.5"
135;12;FALSE;FALSE;1;"Hennessey";45;"3.2"
378;13;FALSE;FALSE;1;"Holebas";46;"9.0"
145;14;FALSE;FALSE;1;"Wan-Bissaka";41;"21.9"
410;15;FALSE;FALSE;1;"Masuaku";45;"2.2"
445;1;FALSE;FALSE;1;"Foster";45;"4.8"
247;2;FALSE;FALSE;1;"Robertson";61;"21.0"
115;3;FALSE;FALSE;1;"Alonso";67;"33.2"
267;4;FALSE;FALSE;1;"Mendy";63;"33.0"
18;5;FALSE;FALSE;1;"Mkhitaryan";71;"20.3"
253;6;TRUE;FALSE;2;"Salah";130;"54.9"
393;7;FALSE;FALSE;1;"Richarlison";67;"23.5"
251;8;FALSE;FALSE;1;"Mané";98;"37.2"
280;9;FALSE;TRUE;1;"Agüero";113;"48.4"
480;10;FALSE;FALSE;1;"Mitrovic";66;"11.6"
45;11;FALSE;FALSE;1;"King";64;"4.4"
400;12;FALSE;FALSE;1;"Fabianski";45;"15.6"
56;13;FALSE;FALSE;1;"Stephens";45;"8.5"
95;14;FALSE;FALSE;1;"Peltier";40;"3.1"
145;15;FALSE;FALSE;1;"Wan-Bissaka";41;"21.9"
445;1;FALSE;FALSE;1;"Foster";45;"4.8"
247;2;FALSE;FALSE;1;"Robertson";61;"21.0"
115;3;FALSE;FALSE;1;"Alonso";67;"33.2"
267;4;FALSE;FALSE;1;"Mendy";63;"33.0"
393;5;FALSE;FALSE;1;"Richarlison";67;"23.5"
253;6;TRUE;FALSE;2;"Salah";130;"54.9"
370;7;FALSE;FALSE;1;"Lucas Moura";71;"8.7"
251;8;FALSE;FALSE;1;"Mané";98;"37.2"
45;9;FALSE;FALSE;1;"King";64;"4.4"
280;10;FALSE;TRUE;1;"Agüero";113;"48.4"
437;11;FALSE;FALSE;1;"Jiménez";55;"5.0"
400;12;FALSE;FALSE;1;"Fabianski";45;"15.6"
56;13;FALSE;FALSE;1;"Stephens";45;"8.5"
427;14;FALSE;FALSE;1;"Bennett";40;"7.7"
145;15;FALSE;FALSE;1;"Wan-Bissaka";41;"21.9"
445;1;FALSE;FALSE;1;"Foster";45;"4.8"
115;2;FALSE;FALSE;1;"Alonso";67;"33.2"
267;3;FALSE;FALSE;1;"Mendy";63;"33.0"
247;4;FALSE;FALSE;1;"Robertson";61;"21.0"
253;5;TRUE;FALSE;2;"Salah";130;"54.9"
370;6;FALSE;FALSE;1;"Lucas Moura";71;"8.7"
393;7;FALSE;FALSE;1;"Richarlison";67;"23.5"
251;8;FALSE;FALSE;1;"Mané";98;"37.2"
280;9;FALSE;TRUE;1;"Agüero";113;"48.4"
395;10;FALSE;FALSE;1;"Gray";60;"0.7"
45;11;FALSE;FALSE;1;"King";64;"4.4"
400;12;FALSE;FALSE;1;"Fabianski";45;"15.6"
145;13;FALSE;FALSE;1;"Wan-Bissaka";41;"21.9"
167;14;FALSE;FALSE;1;"Schneiderlin";45;"2.2"
28;15;FALSE;FALSE;1;"Daniels";45;"13.4"
260;1;FALSE;FALSE;1;"Ederson";56;"22.3"
247;2;FALSE;FALSE;1;"Robertson";61;"21.0"
267;3;FALSE;FALSE;1;"Mendy";63;"33.0"
115;4;FALSE;FALSE;1;"Alonso";67;"33.2"
182;5;FALSE;FALSE;1;"Cairney";49;"2.2"
253;6;TRUE;FALSE;2;"Salah";130;"54.9"
393;7;FALSE;FALSE;1;"Richarlison";67;"23.5"
251;8;FALSE;FALSE;1;"Mané";98;"37.2"
18;9;FALSE;FALSE;1;"Mkhitaryan";71;"20.3"
151;10;FALSE;FALSE;1;"Zaha";70;"32.5"
280;11;FALSE;TRUE;1;"Agüero";113;"48.4"
190;12;FALSE;FALSE;1;"Hamer";40;"6.8"
522;13;FALSE;FALSE;1;"Stankovic";40;"3.5"
189;14;FALSE;FALSE;1;"Kamara";45;"11.2"
145;15;FALSE;FALSE;1;"Wan-Bissaka";41;"21.9"
468;1;FALSE;FALSE;1;"Alisson";55;"18.0"
115;2;FALSE;FALSE;1;"Alonso";67;"33.2"
357;3;FALSE;FALSE;1;"Trippier";60;"24.2"
267;4;FALSE;FALSE;1;"Mendy";63;"33.0"
330;5;FALSE;FALSE;1;"Bertrand";50;"5.9"
125;6;FALSE;FALSE;1;"Pedro";67;"10.6"
122;7;FALSE;FALSE;1;"Hazard";106;"14.5"
251;8;TRUE;FALSE;2;"Mané";98;"37.2"
478;9;FALSE;FALSE;1;"Schürrle";59;"3.7"
480;10;FALSE;FALSE;1;"Mitrovic";66;"11.6"
280;11;FALSE;TRUE;1;"Agüero";113;"48.4"
282;12;FALSE;FALSE;1;"De Gea";60;"23.9"
437;13;FALSE;FALSE;1;"Jiménez";55;"5.0"
338;14;FALSE;FALSE;1;"Ward-Prowse";54;"0.3"
334;15;FALSE;FALSE;1;"McQueen";40;"1.2"
260;1;FALSE;FALSE;1;"Ederson";56;"22.3"
267;2;FALSE;FALSE;1;"Mendy";63;"33.0"
247;3;FALSE;FALSE;1;"Robertson";61;"21.0"
115;4;FALSE;FALSE;1;"Alonso";67;"33.2"
357;5;FALSE;FALSE;1;"Trippier";60;"24.2"
393;6;FALSE;FALSE;1;"Richarlison";67;"23.5"
251;7;FALSE;TRUE;1;"Mané";98;"37.2"
391;8;FALSE;FALSE;1;"Pereyra";62;"11.0"
480;9;FALSE;FALSE;1;"Mitrovic";66;"11.6"
280;10;TRUE;FALSE;2;"Agüero";113;"48.4"
257;11;FALSE;FALSE;1;"Firmino";95;"29.1"
454;12;FALSE;FALSE;1;"Patrício";45;"5.4"
150;13;FALSE;FALSE;1;"Milivojevic";64;"6.0"
138;14;FALSE;FALSE;1;"Tomkins";45;"6.4"
433;15;FALSE;FALSE;1;"Neves";51;"23.6"
260;1;FALSE;FALSE;1;"Ederson";56;"22.3"
115;2;FALSE;FALSE;1;"Alonso";67;"33.2"
378;3;FALSE;FALSE;1;"Holebas";46;"9.0"
247;4;FALSE;FALSE;1;"Robertson";61;"21.0"
393;5;FALSE;FALSE;1;"Richarlison";67;"23.5"
253;6;TRUE;FALSE;3;"Salah";130;"54.9"
251;7;FALSE;FALSE;1;"Mané";98;"37.2"
18;8;FALSE;FALSE;1;"Mkhitaryan";71;"20.3"
433;9;FALSE;FALSE;1;"Neves";51;"23.6"
280;10;FALSE;TRUE;1;"Agüero";113;"48.4"
480;11;FALSE;FALSE;1;"Mitrovic";66;"11.6"
400;12;FALSE;FALSE;1;"Fabianski";45;"15.6"
189;13;FALSE;FALSE;1;"Kamara";45;"11.2"
220;14;FALSE;FALSE;1;"Maguire";55;"15.7"
145;15;FALSE;FALSE;1;"Wan-Bissaka";41;"21.9"
260;1;FALSE;FALSE;1;"Ederson";56;"22.3"
247;2;FALSE;FALSE;1;"Robertson";61;"21.0"
115;3;FALSE;FALSE;1;"Alonso";67;"33.2"
267;4;FALSE;FALSE;1;"Mendy";63;"33.0"
253;5;TRUE;FALSE;2;"Salah";130;"54.9"
251;6;FALSE;FALSE;1;"Mané";98;"37.2"
393;7;FALSE;FALSE;1;"Richarlison";67;"23.5"
391;8;FALSE;FALSE;1;"Pereyra";62;"11.0"
151;9;FALSE;FALSE;1;"Zaha";70;"32.5"
280;10;FALSE;TRUE;1;"Agüero";113;"48.4"
258;11;FALSE;FALSE;1;"Ings";56;"5.3"
445;12;FALSE;FALSE;1;"Foster";45;"4.8"
145;13;FALSE;FALSE;1;"Wan-Bissaka";41;"21.9"
56;14;FALSE;FALSE;1;"Stephens";45;"8.5"
95;15;FALSE;FALSE;1;"Peltier";40;"3.1"
498;1;FALSE;FALSE;1;"Kepa";55;"3.9"
115;2;FALSE;FALSE;1;"Alonso";67;"33.2"
267;3;FALSE;FALSE;1;"Mendy";63;"33.0"
247;4;FALSE;FALSE;1;"Robertson";61;"21.0"
378;5;FALSE;FALSE;1;"Holebas";46;"9.0"
393;6;FALSE;FALSE;1;"Richarlison";67;"23.5"
18;7;FALSE;TRUE;1;"Mkhitaryan";71;"20.3"
253;8;TRUE;FALSE;3;"Salah";130;"54.9"
251;9;FALSE;FALSE;1;"Mané";98;"37.2"
43;10;FALSE;FALSE;1;"Wilson";62;"14.3"
280;11;FALSE;FALSE;1;"Agüero";113;"48.4"
88;12;FALSE;FALSE;1;"Etheridge";46;"5.6"
459;13;FALSE;FALSE;1;"Jorginho";51;"14.6"
189;14;FALSE;FALSE;1;"Kamara";45;"11.2"
145;15;FALSE;FALSE;1;"Wan-Bissaka";41;"21.9"
260;1;FALSE;FALSE;1;"Ederson";56;"22.3"
113;2;FALSE;FALSE;1;"Azpilicueta";65;"13.1"
115;3;FALSE;FALSE;1;"Alonso";67;"33.2"
242;4;FALSE;FALSE;1;"Gomez";50;"1.9"
246;5;FALSE;FALSE;1;"van Dijk";60;"18.5"
265;6;FALSE;FALSE;1;"Walker";65;"10.4"
251;7;FALSE;TRUE;1;"Mané";98;"37.2"
393;8;FALSE;FALSE;1;"Richarlison";67;"23.5"
396;9;FALSE;FALSE;1;"Deeney";60;"3.8"
480;10;FALSE;FALSE;1;"Mitrovic";66;"11.6"
280;11;TRUE;FALSE;2;"Agüero";113;"48.4"
498;12;FALSE;FALSE;1;"Kepa";55;"3.9"
199;13;FALSE;FALSE;1;"Mooy";54;"2.6"
150;14;FALSE;FALSE;1;"Milivojevic";64;"6.0"
59;15;FALSE;FALSE;1;"Groß";69;"5.2"
260;1;FALSE;FALSE;1;"Ederson";56;"22.3"
267;2;FALSE;FALSE;1;"Mendy";63;"33.0"
247;3;FALSE;FALSE;1;"Robertson";61;"21.0"
115;4;FALSE;FALSE;1;"Alonso";67;"33.2"
393;5;FALSE;FALSE;1;"Richarlison";67;"23.5"
251;6;FALSE;FALSE;1;"Mané";98;"37.2"
18;7;FALSE;FALSE;1;"Mkhitaryan";71;"20.3"
253;8;TRUE;FALSE;2;"Salah";130;"54.9"
433;9;FALSE;FALSE;1;"Neves";51;"23.6"
280;10;FALSE;TRUE;1;"Agüero";113;"48.4"
417;11;FALSE;FALSE;1;"Arnautovic";70;"17.9"
136;12;FALSE;FALSE;1;"Speroni";40;"12.5"
189;13;FALSE;FALSE;1;"Kamara";45;"11.2"
335;14;FALSE;FALSE;1;"Bednarek";39;"4.0"
145;15;FALSE;FALSE;1;"Wan-Bissaka";41;"21.9"
468;1;FALSE;FALSE;1;"Alisson";55;"18.0"
115;2;FALSE;FALSE;1;"Alonso";67;"33.2"
247;3;FALSE;FALSE;1;"Robertson";61;"21.0"
267;4;FALSE;FALSE;1;"Mendy";63;"33.0"
251;5;FALSE;TRUE;1;"Mané";98;"37.2"
370;6;FALSE;FALSE;1;"Lucas Moura";71;"8.7"
393;7;FALSE;FALSE;1;"Richarlison";67;"23.5"
465;8;FALSE;FALSE;1;"Felipe Anderson";69;"2.6"
45;9;FALSE;FALSE;1;"King";64;"4.4"
151;10;FALSE;FALSE;1;"Zaha";70;"32.5"
280;11;TRUE;FALSE;2;"Agüero";113;"48.4"
24;12;FALSE;FALSE;1;"Begovic";45;"4.8"
433;13;FALSE;FALSE;1;"Neves";51;"23.6"
28;14;FALSE;FALSE;1;"Daniels";45;"13.4"
142;15;FALSE;FALSE;1;"van Aanholt";55;"5.5"
260;1;FALSE;FALSE;1;"Ederson";56;"22.3"
247;2;FALSE;FALSE;1;"Robertson";61;"21.0"
267;3;FALSE;FALSE;1;"Mendy";63;"33.0"
115;4;FALSE;FALSE;1;"Alonso";67;"33.2"
40;5;FALSE;FALSE;1;"Fraser";56;"5.3"
393;6;FALSE;FALSE;1;"Richarlison";67;"23.5"
253;7;TRUE;FALSE;2;"Salah";130;"54.9"
18;8;FALSE;FALSE;1;"Mkhitaryan";71;"20.3"
437;9;FALSE;FALSE;1;"Jiménez";55;"5.0"
280;10;FALSE;FALSE;1;"Agüero";113;"48.4"
257;11;FALSE;TRUE;1;"Firmino";95;"29.1"
24;12;FALSE;FALSE;1;"Begovic";45;"4.8"
433;13;FALSE;FALSE;1;"Neves";51;"23.6"
423;14;FALSE;FALSE;1;"Boly";45;"1.6"
145;15;FALSE;FALSE;1;"Wan-Bissaka";41;"21.9"
260;1;FALSE;FALSE;1;"Ederson";56;"22.3"
247;2;FALSE;FALSE;1;"Robertson";61;"21.0"
267;3;FALSE;FALSE;1;"Mendy";63;"33.0"
115;4;FALSE;FALSE;1;"Alonso";67;"33.2"
393;5;FALSE;FALSE;1;"Richarlison";67;"23.5"
251;6;FALSE;FALSE;1;"Mané";98;"37.2"
182;7;FALSE;FALSE;1;"Cairney";49;"2.2"
253;8;TRUE;FALSE;2;"Salah";130;"54.9"
258;9;FALSE;FALSE;1;"Ings";56;"5.3"
280;10;FALSE;TRUE;1;"Agüero";113;"48.4"
151;11;FALSE;FALSE;1;"Zaha";70;"32.5"
155;12;FALSE;FALSE;1;"Stekelenburg";40;"4.3"
433;13;FALSE;FALSE;1;"Neves";51;"23.6"
138;14;FALSE;FALSE;1;"Tomkins";45;"6.4"
145;15;FALSE;FALSE;1;"Wan-Bissaka";41;"21.9"
260;1;FALSE;FALSE;1;"Ederson";56;"22.3"
267;2;FALSE;FALSE;1;"Mendy";63;"33.0"
246;3;FALSE;FALSE;1;"van Dijk";60;"18.5"
115;4;FALSE;FALSE;1;"Alonso";67;"33.2"
18;5;FALSE;TRUE;1;"Mkhitaryan";71;"20.3"
122;6;FALSE;FALSE;1;"Hazard";106;"14.5"
459;7;FALSE;FALSE;1;"Jorginho";51;"14.6"
251;8;TRUE;FALSE;2;"Mané";98;"37.2"
280;9;FALSE;FALSE;1;"Agüero";113;"48.4"
177;10;FALSE;FALSE;1;"Tosun";70;"5.5"
151;11;FALSE;FALSE;1;"Zaha";70;"32.5"
454;12;FALSE;FALSE;1;"Patrício";45;"5.4"
28;13;FALSE;FALSE;1;"Daniels";45;"13.4"
83;14;FALSE;FALSE;1;"Lennon";50;"0.4"
423;15;FALSE;FALSE;1;"Boly";45;"1.6"
468;1;FALSE;FALSE;1;"Alisson";55;"18.0"
245;2;FALSE;FALSE;1;"Alexander-Arnold";50;"17.1"
267;3;FALSE;FALSE;1;"Mendy";63;"33.0"
115;4;FALSE;FALSE;1;"Alonso";67;"33.2"
72;5;FALSE;FALSE;1;"Tarkowski";50;"10.0"
253;6;TRUE;FALSE;2;"Salah";130;"54.9"
271;7;FALSE;FALSE;1;"David Silva";85;"6.6"
393;8;FALSE;FALSE;1;"Richarlison";67;"23.5"
280;9;FALSE;TRUE;1;"Agüero";113;"48.4"
417;10;FALSE;FALSE;1;"Arnautovic";70;"17.9"
480;11;FALSE;FALSE;1;"Mitrovic";66;"11.6"
136;12;FALSE;FALSE;1;"Speroni";40;"12.5"
357;13;FALSE;FALSE;1;"Trippier";60;"24.2"
435;14;FALSE;FALSE;1;"Costa";49;"0.6"
518;15;FALSE;FALSE;1;"Carlos Sánchez";45;"0.3"
260;1;FALSE;FALSE;1;"Ederson";56;"22.3"
267;2;FALSE;FALSE;1;"Mendy";63;"33.0"
247;3;FALSE;FALSE;1;"Robertson";61;"21.0"
245;4;FALSE;FALSE;1;"Alexander-Arnold";50;"17.1"
115;5;FALSE;FALSE;1;"Alonso";67;"33.2"
393;6;FALSE;FALSE;1;"Richarlison";67;"23.5"
364;7;FALSE;FALSE;1;"Eriksen";94;"11.2"
253;8;TRUE;FALSE;2;"Salah";130;"54.9"
280;9;FALSE;TRUE;1;"Agüero";113;"48.4"
417;10;FALSE;FALSE;1;"Arnautovic";70;"17.9"
177;11;FALSE;FALSE;1;"Tosun";70;"5.5"
190;12;FALSE;FALSE;1;"Hamer";40;"6.8"
80;13;FALSE;FALSE;1;"Westwood";45;"1.8"
145;14;FALSE;FALSE;1;"Wan-Bissaka";41;"21.9"
451;15;FALSE;FALSE;1;"Guendouzi";45;"3.3"
260;1;FALSE;FALSE;1;"Ederson";56;"22.3"
115;2;FALSE;FALSE;1;"Alonso";67;"33.2"
247;3;FALSE;FALSE;1;"Robertson";61;"21.0"
267;4;FALSE;FALSE;1;"Mendy";63;"33.0"
182;5;FALSE;FALSE;1;"Cairney";49;"2.2"
253;6;TRUE;FALSE;3;"Salah";130;"54.9"
251;7;FALSE;FALSE;1;"Mané";98;"37.2"
393;8;FALSE;FALSE;1;"Richarlison";67;"23.5"
417;9;FALSE;FALSE;1;"Arnautovic";70;"17.9"
280;10;FALSE;TRUE;1;"Agüero";113;"48.4"
151;11;FALSE;FALSE;1;"Zaha";70;"32.5"
400;12;FALSE;FALSE;1;"Fabianski";45;"15.6"
95;13;FALSE;FALSE;1;"Peltier";40;"3.1"
56;14;FALSE;FALSE;1;"Stephens";45;"8.5"
145;15;FALSE;FALSE;1;"Wan-Bissaka";41;"21.9"
260;1;FALSE;FALSE;1;"Ederson";56;"22.3"
246;2;FALSE;FALSE;1;"van Dijk";60;"18.5"
267;3;FALSE;FALSE;1;"Mendy";63;"33.0"
116;4;FALSE;FALSE;1;"David Luiz";55;"3.9"
125;5;FALSE;FALSE;1;"Pedro";67;"10.6"
253;6;FALSE;FALSE;1;"Salah";130;"54.9"
251;7;FALSE;FALSE;1;"Mané";98;"37.2"
164;8;FALSE;TRUE;1;"Walcott";67;"13.5"
437;9;FALSE;FALSE;1;"Jiménez";55;"5.0"
480;10;FALSE;FALSE;1;"Mitrovic";66;"11.6"
280;11;TRUE;FALSE;2;"Agüero";113;"48.4"
490;12;FALSE;FALSE;1;"Hart";45;"5.9"
40;13;FALSE;FALSE;1;"Fraser";56;"5.3"
380;14;FALSE;FALSE;1;"Kabasele";45;"0.8"
145;15;FALSE;FALSE;1;"Wan-Bissaka";41;"21.9"
445;1;FALSE;FALSE;1;"Foster";45;"4.8"
357;2;FALSE;FALSE;1;"Trippier";60;"24.2"
247;3;FALSE;FALSE;1;"Robertson";61;"21.0"
267;4;FALSE;FALSE;1;"Mendy";63;"33.0"
393;5;FALSE;FALSE;1;"Richarlison";67;"23.5"
253;6;TRUE;FALSE;2;"Salah";130;"54.9"
18;7;FALSE;FALSE;1;"Mkhitaryan";71;"20.3"
251;8;FALSE;FALSE;1;"Mané";98;"37.2"
151;9;FALSE;FALSE;1;"Zaha";70;"32.5"
280;10;FALSE;TRUE;1;"Agüero";113;"48.4"
480;11;FALSE;FALSE;1;"Mitrovic";66;"11.6"
400;12;FALSE;FALSE;1;"Fabianski";45;"15.6"
105;13;FALSE;FALSE;1;"Ward";45;"0.3"
335;14;FALSE;FALSE;1;"Bednarek";39;"4.0"
145;15;FALSE;FALSE;1;"Wan-Bissaka";41;"21.9"
260;1;FALSE;FALSE;1;"Ederson";56;"22.3"
247;2;FALSE;FALSE;1;"Robertson";61;"21.0"
267;3;FALSE;FALSE;1;"Mendy";63;"33.0"
378;4;FALSE;FALSE;1;"Holebas";46;"9.0"
18;5;FALSE;FALSE;1;"Mkhitaryan";71;"20.3"
253;6;TRUE;FALSE;2;"Salah";130;"54.9"
393;7;FALSE;FALSE;1;"Richarlison";67;"23.5"
126;8;FALSE;FALSE;1;"Kanté";50;"22.9"
302;9;FALSE;FALSE;1;"Pogba";82;"17.9"
280;10;FALSE;TRUE;1;"Agüero";113;"48.4"
151;11;FALSE;FALSE;1;"Zaha";70;"32.5"
400;12;FALSE;FALSE;1;"Fabianski";45;"15.6"
417;13;FALSE;FALSE;1;"Arnautovic";70;"17.9"
27;14;FALSE;FALSE;1;"Steve Cook";46;"8.7"
145;15;FALSE;FALSE;1;"Wan-Bissaka";41;"21.9"
351;1;FALSE;FALSE;1;"Lloris";55;"7.5"
115;2;FALSE;FALSE;1;"Alonso";67;"33.2"
247;3;FALSE;FALSE;1;"Robertson";61;"21.0"
267;4;FALSE;FALSE;1;"Mendy";63;"33.0"
393;5;FALSE;FALSE;1;"Richarlison";67;"23.5"
40;6;FALSE;FALSE;1;"Fraser";56;"5.3"
251;7;FALSE;TRUE;1;"Mané";98;"37.2"
274;8;FALSE;FALSE;1;"Gündogan";55;"2.9"
253;9;TRUE;FALSE;2;"Salah";130;"54.9"
280;10;FALSE;FALSE;1;"Agüero";113;"48.4"
480;11;FALSE;FALSE;1;"Mitrovic";66;"11.6"
155;12;FALSE;FALSE;1;"Stekelenburg";40;"4.3"
357;13;FALSE;FALSE;1;"Trippier";60;"24.2"
145;14;FALSE;FALSE;1;"Wan-Bissaka";41;"21.9"
109;15;FALSE;FALSE;1;"Madine";45;"1.3"
468;1;FALSE;FALSE;1;"Alisson";55;"18.0"
357;2;FALSE;FALSE;1;"Trippier";60;"24.2"
267;3;FALSE;FALSE;1;"Mendy";63;"33.0"
247;4;FALSE;FALSE;1;"Robertson";61;"21.0"
115;5;FALSE;FALSE;1;"Alonso";67;"33.2"
126;6;FALSE;FALSE;1;"Kanté";50;"22.9"
391;7;FALSE;FALSE;1;"Pereyra";62;"11.0"
253;8;TRUE;FALSE;2;"Salah";130;"54.9"
393;9;FALSE;FALSE;1;"Richarlison";67;"23.5"
417;10;FALSE;FALSE;1;"Arnautovic";70;"17.9"
280;11;FALSE;TRUE;1;"Agüero";113;"48.4"
24;12;FALSE;FALSE;1;"Begovic";45;"4.8"
258;13;FALSE;FALSE;1;"Ings";56;"5.3"
150;14;FALSE;FALSE;1;"Milivojevic";64;"6.0"
29;15;FALSE;FALSE;1;"Adam Smith";45;"0.7"
445;1;FALSE;FALSE;1;"Foster";45;"4.8"
115;2;FALSE;FALSE;1;"Alonso";67;"33.2"
267;3;FALSE;FALSE;1;"Mendy";63;"33.0"
247;4;FALSE;FALSE;1;"Robertson";61;"21.0"
357;5;FALSE;FALSE;1;"Trippier";60;"24.2"
124;6;FALSE;FALSE;1;"Willian";75;"7.0"
253;7;TRUE;FALSE;2;"Salah";130;"54.9"
251;8;FALSE;FALSE;1;"Mané";98;"37.2"
393;9;FALSE;FALSE;1;"Richarlison";67;"23.5"
280;10;FALSE;TRUE;1;"Agüero";113;"48.4"
258;11;FALSE;FALSE;1;"Ings";56;"5.3"
400;12;FALSE;FALSE;1;"Fabianski";45;"15.6"
145;13;FALSE;FALSE;1;"Wan-Bissaka";41;"21.9"
433;14;FALSE;FALSE;1;"Neves";51;"23.6"
209;15;FALSE;FALSE;1;"Quaner";45;"4.2"
351;1;FALSE;TRUE;1;"Lloris";55;"7.5"
247;2;FALSE;FALSE;1;"Robertson";61;"21.0"
267;3;FALSE;FALSE;1;"Mendy";63;"33.0"
115;4;FALSE;FALSE;1;"Alonso";67;"33.2"
164;5;FALSE;FALSE;1;"Walcott";67;"13.5"
251;6;TRUE;FALSE;2;"Mané";98;"37.2"
370;7;FALSE;FALSE;1;"Lucas Moura";71;"8.7"
393;8;FALSE;FALSE;1;"Richarlison";67;"23.5"
417;9;FALSE;FALSE;1;"Arnautovic";70;"17.9"
280;10;FALSE;FALSE;1;"Agüero";113;"48.4"
257;11;FALSE;FALSE;1;"Firmino";95;"29.1"
454;12;FALSE;FALSE;1;"Patrício";45;"5.4"
286;13;FALSE;FALSE;1;"Shaw";51;"8.6"
99;14;FALSE;FALSE;1;"Hoilett";54;"0.2"
145;15;FALSE;FALSE;1;"Wan-Bissaka";41;"21.9"
260;1;FALSE;FALSE;1;"Ederson";56;"22.3"
357;2;FALSE;FALSE;1;"Trippier";60;"24.2"
246;3;FALSE;FALSE;1;"van Dijk";60;"18.5"
267;4;FALSE;FALSE;1;"Mendy";63;"33.0"
40;5;FALSE;FALSE;1;"Fraser";56;"5.3"
364;6;FALSE;FALSE;1;"Eriksen";94;"11.2"
251;7;TRUE;FALSE;2;"Mané";98;"37.2"
391;8;FALSE;FALSE;1;"Pereyra";62;"11.0"
122;9;FALSE;FALSE;1;"Hazard";106;"14.5"
280;10;FALSE;TRUE;1;"Agüero";113;"48.4"
45;11;FALSE;FALSE;1;"King";64;"4.4"
136;12;FALSE;FALSE;1;"Speroni";40;"12.5"
335;13;FALSE;FALSE;1;"Bednarek";39;"4.0"
189;14;FALSE;FALSE;1;"Kamara";45;"11.2"
145;15;FALSE;FALSE;1;"Wan-Bissaka";41;"21.9"
260;1;FALSE;FALSE;1;"Ederson";56;"22.3"
247;2;FALSE;FALSE;1;"Robertson";61;"21.0"
267;3;FALSE;FALSE;1;"Mendy";63;"33.0"
27;4;FALSE;FALSE;1;"Steve Cook";46;"8.7"
253;5;FALSE;TRUE;1;"Salah";130;"54.9"
251;6;FALSE;FALSE;1;"Mané";98;"37.2"
393;7;FALSE;FALSE;1;"Richarlison";67;"23.5"
182;8;FALSE;FALSE;1;"Cairney";49;"2.2"
480;9;FALSE;FALSE;1;"Mitrovic";66;"11.6"
280;10;TRUE;FALSE;2;"Agüero";113;"48.4"
151;11;FALSE;FALSE;1;"Zaha";70;"32.5"
328;12;FALSE;FALSE;1;"McCarthy";45;"3.1"
95;13;FALSE;FALSE;1;"Peltier";40;"3.1"
432;14;FALSE;FALSE;1;"Jota";63;"2.9"
145;15;FALSE;FALSE;1;"Wan-Bissaka";41;"21.9"
468;1;FALSE;FALSE;1;"Alisson";55;"18.0"
267;2;FALSE;FALSE;1;"Mendy";63;"33.0"
247;3;FALSE;FALSE;1;"Robertson";61;"21.0"
115;4;FALSE;FALSE;1;"Alonso";67;"33.2"
276;5;FALSE;FALSE;1;"Bernardo Silva";76;"10.4"
18;6;FALSE;FALSE;1;"Mkhitaryan";71;"20.3"
251;7;FALSE;TRUE;1;"Mané";98;"37.2"
393;8;FALSE;FALSE;1;"Richarlison";67;"23.5"
177;9;FALSE;FALSE;1;"Tosun";70;"5.5"
280;10;TRUE;FALSE;2;"Agüero";113;"48.4"
480;11;FALSE;FALSE;1;"Mitrovic";66;"11.6"
445;12;FALSE;FALSE;1;"Foster";45;"4.8"
145;13;FALSE;FALSE;1;"Wan-Bissaka";41;"21.9"
286;14;FALSE;FALSE;1;"Shaw";51;"8.6"
167;15;FALSE;FALSE;1;"Schneiderlin";45;"2.2"
445;1;FALSE;FALSE;1;"Foster";45;"4.8"
115;2;FALSE;FALSE;1;"Alonso";67;"33.2"
247;3;FALSE;FALSE;1;"Robertson";61;"21.0"
267;4;FALSE;FALSE;1;"Mendy";63;"33.0"
276;5;FALSE;FALSE;1;"Bernardo Silva";76;"10.4"
253;6;TRUE;FALSE;2;"Salah";130;"54.9"
251;7;FALSE;TRUE;1;"Mané";98;"37.2"
393;8;FALSE;FALSE;1;"Richarlison";67;"23.5"
43;9;FALSE;FALSE;1;"Wilson";62;"14.3"
280;10;FALSE;FALSE;1;"Agüero";113;"48.4"
258;11;FALSE;FALSE;1;"Ings";56;"5.3"
400;12;FALSE;FALSE;1;"Fabianski";45;"15.6"
138;13;FALSE;FALSE;1;"Tomkins";45;"6.4"
433;14;FALSE;FALSE;1;"Neves";51;"23.6"
145;15;FALSE;FALSE;1;"Wan-Bissaka";41;"21.9"
445;1;FALSE;FALSE;1;"Foster";45;"4.8"
221;2;FALSE;FALSE;1;"Pereira";51;"5.5"
378;3;FALSE;FALSE;1;"Holebas";46;"9.0"
247;4;FALSE;FALSE;1;"Robertson";61;"21.0"
18;5;FALSE;FALSE;1;"Mkhitaryan";71;"20.3"
253;6;TRUE;FALSE;3;"Salah";130;"54.9"
276;7;FALSE;FALSE;1;"Bernardo Silva";76;"10.4"
393;8;FALSE;FALSE;1;"Richarlison";67;"23.5"
251;9;FALSE;TRUE;1;"Mané";98;"37.2"
177;10;FALSE;FALSE;1;"Tosun";70;"5.5"
23;11;FALSE;FALSE;1;"Aubameyang";109;"14.4"
400;12;FALSE;FALSE;1;"Fabianski";45;"15.6"
189;13;FALSE;FALSE;1;"Kamara";45;"11.2"
95;14;FALSE;FALSE;1;"Peltier";40;"3.1"
145;15;FALSE;FALSE;1;"Wan-Bissaka";41;"21.9"
490;1;FALSE;FALSE;1;"Hart";45;"5.9"
247;2;FALSE;FALSE;1;"Robertson";61;"21.0"
267;3;FALSE;FALSE;1;"Mendy";63;"33.0"
115;4;FALSE;FALSE;1;"Alonso";67;"33.2"
142;5;FALSE;FALSE;1;"van Aanholt";55;"5.5"
253;6;TRUE;FALSE;2;"Salah";130;"54.9"
251;7;FALSE;TRUE;1;"Mané";98;"37.2"
393;8;FALSE;FALSE;1;"Richarlison";67;"23.5"
18;9;FALSE;FALSE;1;"Mkhitaryan";71;"20.3"
280;10;FALSE;FALSE;1;"Agüero";113;"48.4"
177;11;FALSE;FALSE;1;"Tosun";70;"5.5"
400;12;FALSE;FALSE;1;"Fabianski";45;"15.6"
189;13;FALSE;FALSE;1;"Kamara";45;"11.2"
410;14;FALSE;FALSE;1;"Masuaku";45;"2.2"
145;15;FALSE;FALSE;1;"Wan-Bissaka";41;"21.9"
260;1;FALSE;FALSE;1;"Ederson";56;"22.3"
247;2;FALSE;FALSE;1;"Robertson";61;"21.0"
267;3;FALSE;FALSE;1;"Mendy";63;"33.0"
115;4;FALSE;FALSE;1;"Alonso";67;"33.2"
220;5;FALSE;FALSE;1;"Maguire";55;"15.7"
253;6;TRUE;FALSE;2;"Salah";130;"54.9"
393;7;FALSE;FALSE;1;"Richarlison";67;"23.5"
251;8;FALSE;FALSE;1;"Mané";98;"37.2"
150;9;FALSE;FALSE;1;"Milivojevic";64;"6.0"
480;10;FALSE;FALSE;1;"Mitrovic";66;"11.6"
280;11;FALSE;TRUE;1;"Agüero";113;"48.4"
25;12;FALSE;FALSE;1;"Boruc";40;"6.8"
459;13;FALSE;FALSE;1;"Jorginho";51;"14.6"
189;14;FALSE;FALSE;1;"Kamara";45;"11.2"
145;15;FALSE;FALSE;1;"Wan-Bissaka";41;"21.9"
351;1;FALSE;FALSE;1;"Lloris";55;"7.5"
247;2;FALSE;FALSE;1;"Robertson";61;"21.0"
267;3;FALSE;FALSE;1;"Mendy";63;"33.0"
115;4;FALSE;FALSE;1;"Alonso";67;"33.2"
18;5;FALSE;FALSE;1;"Mkhitaryan";71;"20.3"
251;6;FALSE;TRUE;1;"Mané";98;"37.2"
124;7;FALSE;FALSE;1;"Willian";75;"7.0"
393;8;FALSE;FALSE;1;"Richarlison";67;"23.5"
370;9;FALSE;FALSE;1;"Lucas Moura";71;"8.7"
43;10;FALSE;FALSE;1;"Wilson";62;"14.3"
280;11;TRUE;FALSE;2;"Agüero";113;"48.4"
190;12;FALSE;FALSE;1;"Hamer";40;"6.8"
417;13;FALSE;FALSE;1;"Arnautovic";70;"17.9"
145;14;FALSE;FALSE;1;"Wan-Bissaka";41;"21.9"
427;15;FALSE;FALSE;1;"Bennett";40;"7.7"
260;1;FALSE;FALSE;1;"Ederson";56;"22.3"
247;2;FALSE;FALSE;1;"Robertson";61;"21.0"
115;3;FALSE;FALSE;1;"Alonso";67;"33.2"
267;4;FALSE;FALSE;1;"Mendy";63;"33.0"
122;5;FALSE;TRUE;1;"Hazard";106;"14.5"
233;6;FALSE;FALSE;1;"Maddison";65;"2.4"
393;7;FALSE;FALSE;1;"Richarlison";67;"23.5"
251;8;TRUE;FALSE;2;"Mané";98;"37.2"
258;9;FALSE;FALSE;1;"Ings";56;"5.3"
134;10;FALSE;FALSE;1;"Morata";90;"4.6"
280;11;FALSE;FALSE;1;"Agüero";113;"48.4"
190;12;FALSE;FALSE;1;"Hamer";40;"6.8"
28;13;FALSE;FALSE;1;"Daniels";45;"13.4"
167;14;FALSE;FALSE;1;"Schneiderlin";45;"2.2"
145;15;FALSE;FALSE;1;"Wan-Bissaka";41;"21.9"
260;1;FALSE;FALSE;1;"Ederson";56;"22.3"
72;2;FALSE;FALSE;1;"Tarkowski";50;"10.0"
357;3;FALSE;FALSE;1;"Trippier";60;"24.2"
115;4;FALSE;FALSE;1;"Alonso";67;"33.2"
433;5;FALSE;FALSE;1;"Neves";51;"23.6"
251;6;FALSE;FALSE;1;"Mané";98;"37.2"
253;7;TRUE;FALSE;2;"Salah";130;"54.9"
393;8;FALSE;FALSE;1;"Richarlison";67;"23.5"
459;9;FALSE;FALSE;1;"Jorginho";51;"14.6"
347;10;FALSE;FALSE;1;"Long";49;"1.5"
257;11;FALSE;TRUE;1;"Firmino";95;"29.1"
439;12;FALSE;FALSE;1;"Steele";40;"1.5"
334;13;FALSE;FALSE;1;"McQueen";40;"1.2"
262;14;FALSE;FALSE;1;"Stones";55;"9.9"
437;15;FALSE;FALSE;1;"Jiménez";55;"5.0"
468;1;FALSE;FALSE;1;"Alisson";55;"18.0"
267;2;FALSE;FALSE;1;"Mendy";63;"33.0"
247;3;FALSE;FALSE;1;"Robertson";61;"21.0"
115;4;FALSE;FALSE;1;"Alonso";67;"33.2"
72;5;FALSE;FALSE;1;"Tarkowski";50;"10.0"
391;6;FALSE;FALSE;1;"Pereyra";62;"11.0"
251;7;TRUE;FALSE;2;"Mané";98;"37.2"
270;8;FALSE;FALSE;1;"Sterling";110;"2.7"
125;9;FALSE;FALSE;1;"Pedro";67;"10.6"
43;10;FALSE;FALSE;1;"Wilson";62;"14.3"
280;11;FALSE;TRUE;1;"Agüero";113;"48.4"
24;12;FALSE;FALSE;1;"Begovic";45;"4.8"
393;13;FALSE;FALSE;1;"Richarlison";67;"23.5"
27;14;FALSE;FALSE;1;"Steve Cook";46;"8.7"
189;15;FALSE;FALSE;1;"Kamara";45;"11.2"
260;1;FALSE;FALSE;1;"Ederson";56;"22.3"
72;2;FALSE;FALSE;1;"Tarkowski";50;"10.0"
247;3;FALSE;FALSE;1;"Robertson";61;"21.0"
267;4;FALSE;FALSE;1;"Mendy";63;"33.0"
251;5;FALSE;FALSE;1;"Mané";98;"37.2"
370;6;FALSE;FALSE;1;"Lucas Moura";71;"8.7"
253;7;TRUE;FALSE;2;"Salah";130;"54.9"
393;8;FALSE;FALSE;1;"Richarlison";67;"23.5"
45;9;FALSE;FALSE;1;"King";64;"4.4"
151;10;FALSE;FALSE;1;"Zaha";70;"32.5"
280;11;FALSE;TRUE;1;"Agüero";113;"48.4"
400;12;FALSE;FALSE;1;"Fabianski";45;"15.6"
167;13;FALSE;FALSE;1;"Schneiderlin";45;"2.2"
145;14;FALSE;FALSE;1;"Wan-Bissaka";41;"21.9"
95;15;FALSE;FALSE;1;"Peltier";40;"3.1"
88;1;FALSE;FALSE;1;"Etheridge";46;"5.6"
245;2;FALSE;FALSE;1;"Alexander-Arnold";50;"17.1"
267;3;FALSE;FALSE;1;"Mendy";63;"33.0"
115;4;FALSE;FALSE;1;"Alonso";67;"33.2"
233;5;FALSE;FALSE;1;"Maddison";65;"2.4"
253;6;TRUE;FALSE;2;"Salah";130;"54.9"
391;7;FALSE;FALSE;1;"Pereyra";62;"11.0"
393;8;FALSE;FALSE;1;"Richarlison";67;"23.5"
23;9;FALSE;TRUE;1;"Aubameyang";109;"14.4"
480;10;FALSE;FALSE;1;"Mitrovic";66;"11.6"
280;11;FALSE;FALSE;1;"Agüero";113;"48.4"
445;12;FALSE;FALSE;1;"Foster";45;"4.8"
451;13;FALSE;FALSE;1;"Guendouzi";45;"3.3"
522;14;FALSE;FALSE;1;"Stankovic";40;"3.5"
427;15;FALSE;FALSE;1;"Bennett";40;"7.7"
260;1;FALSE;FALSE;1;"Ederson";56;"22.3"
221;2;FALSE;FALSE;1;"Pereira";51;"5.5"
247;3;FALSE;FALSE;1;"Robertson";61;"21.0"
267;4;FALSE;FALSE;1;"Mendy";63;"33.0"
253;5;TRUE;FALSE;2;"Salah";130;"54.9"
370;6;FALSE;FALSE;1;"Lucas Moura";71;"8.7"
125;7;FALSE;FALSE;1;"Pedro";67;"10.6"
393;8;FALSE;FALSE;1;"Richarlison";67;"23.5"
251;9;FALSE;FALSE;1;"Mané";98;"37.2"
280;10;FALSE;TRUE;1;"Agüero";113;"48.4"
43;11;FALSE;FALSE;1;"Wilson";62;"14.3"
155;12;FALSE;FALSE;1;"Stekelenburg";40;"4.3"
286;13;FALSE;FALSE;1;"Shaw";51;"8.6"
189;14;FALSE;FALSE;1;"Kamara";45;"11.2"
145;15;FALSE;FALSE;1;"Wan-Bissaka";41;"21.9"
260;1;FALSE;FALSE;1;"Ederson";56;"22.3"
357;2;FALSE;FALSE;1;"Trippier";60;"24.2"
245;3;FALSE;FALSE;1;"Alexander-Arnold";50;"17.1"
267;4;FALSE;FALSE;1;"Mendy";63;"33.0"
370;5;FALSE;FALSE;1;"Lucas Moura";71;"8.7"
251;6;FALSE;FALSE;1;"Mané";98;"37.2"
233;7;FALSE;FALSE;1;"Maddison";65;"2.4"
393;8;FALSE;FALSE;1;"Richarlison";67;"23.5"
253;9;TRUE;FALSE;2;"Salah";130;"54.9"
280;10;FALSE;TRUE;1;"Agüero";113;"48.4"
177;11;FALSE;FALSE;1;"Tosun";70;"5.5"
136;12;FALSE;FALSE;1;"Speroni";40;"12.5"
332;13;FALSE;FALSE;1;"Cédric";44;"5.6"
109;14;FALSE;FALSE;1;"Madine";45;"1.3"
145;15;FALSE;FALSE;1;"Wan-Bissaka";41;"21.9"
468;1;FALSE;FALSE;1;"Alisson";55;"18.0"
357;2;FALSE;FALSE;1;"Trippier";60;"24.2"
378;3;FALSE;FALSE;1;"Holebas";46;"9.0"
70;4;FALSE;FALSE;1;"Mee";50;"4.4"
251;5;FALSE;TRUE;1;"Mané";98;"37.2"
393;6;FALSE;FALSE;1;"Richarlison";67;"23.5"
276;7;FALSE;FALSE;1;"Bernardo Silva";76;"10.4"
253;8;TRUE;FALSE;2;"Salah";130;"54.9"
480;9;FALSE;FALSE;1;"Mitrovic";66;"11.6"
280;10;FALSE;FALSE;1;"Agüero";113;"48.4"
43;11;FALSE;FALSE;1;"Wilson";62;"14.3"
445;12;FALSE;FALSE;1;"Foster";45;"4.8"
17;13;FALSE;FALSE;1;"Xhaka";54;"2.9"
48;14;FALSE;FALSE;1;"Dunk";44;"1.9"
335;15;FALSE;FALSE;1;"Bednarek";39;"4.0"
468;1;FALSE;TRUE;1;"Alisson";55;"18.0"
113;2;FALSE;FALSE;1;"Azpilicueta";65;"13.1"
247;3;FALSE;FALSE;1;"Robertson";61;"21.0"
267;4;FALSE;FALSE;1;"Mendy";63;"33.0"
115;5;FALSE;FALSE;1;"Alonso";67;"33.2"
357;6;FALSE;FALSE;1;"Trippier";60;"24.2"
251;7;FALSE;FALSE;1;"Mané";98;"37.2"
393;8;FALSE;FALSE;1;"Richarlison";67;"23.5"
177;9;FALSE;FALSE;1;"Tosun";70;"5.5"
480;10;FALSE;FALSE;1;"Mitrovic";66;"11.6"
280;11;TRUE;FALSE;2;"Agüero";113;"48.4"
282;12;FALSE;FALSE;1;"De Gea";60;"23.9"
18;13;FALSE;FALSE;1;"Mkhitaryan";71;"20.3"
433;14;FALSE;FALSE;1;"Neves";51;"23.6"
410;15;FALSE;FALSE;1;"Masuaku";45;"2.2"
445;1;FALSE;FALSE;1;"Foster";45;"4.8"
357;2;FALSE;FALSE;1;"Trippier";60;"24.2"
267;3;FALSE;FALSE;1;"Mendy";63;"33.0"
247;4;FALSE;FALSE;1;"Robertson";61;"21.0"
253;5;FALSE;FALSE;1;"Salah";130;"54.9"
251;6;FALSE;TRUE;1;"Mané";98;"37.2"
392;7;FALSE;FALSE;1;"Hughes";50;"1.3"
393;8;FALSE;FALSE;1;"Richarlison";67;"23.5"
370;9;FALSE;FALSE;1;"Lucas Moura";71;"8.7"
43;10;FALSE;FALSE;1;"Wilson";62;"14.3"
280;11;TRUE;FALSE;2;"Agüero";113;"48.4"
400;12;FALSE;FALSE;1;"Fabianski";45;"15.6"
151;13;FALSE;FALSE;1;"Zaha";70;"32.5"
52;14;FALSE;FALSE;1;"Suttner";40;"6.6"
145;15;FALSE;FALSE;1;"Wan-Bissaka";41;"21.9"
400;1;FALSE;FALSE;1;"Fabianski";45;"15.6"
115;2;FALSE;FALSE;1;"Alonso";67;"33.2"
247;3;FALSE;FALSE;1;"Robertson";61;"21.0"
267;4;FALSE;FALSE;1;"Mendy";63;"33.0"
251;5;FALSE;TRUE;1;"Mané";98;"37.2"
370;6;FALSE;FALSE;1;"Lucas Moura";71;"8.7"
253;7;TRUE;FALSE;2;"Salah";130;"54.9"
393;8;FALSE;FALSE;1;"Richarlison";67;"23.5"
417;9;FALSE;FALSE;1;"Arnautovic";70;"17.9"
258;10;FALSE;FALSE;1;"Ings";56;"5.3"
280;11;FALSE;FALSE;1;"Agüero";113;"48.4"
454;12;FALSE;FALSE;1;"Patrício";45;"5.4"
145;13;FALSE;FALSE;1;"Wan-Bissaka";41;"21.9"
56;14;FALSE;FALSE;1;"Stephens";45;"8.5"
52;15;FALSE;FALSE;1;"Suttner";40;"6.6"
260;1;FALSE;FALSE;1;"Ederson";56;"22.3"
267;2;FALSE;FALSE;1;"Mendy";63;"33.0"
246;3;FALSE;FALSE;1;"van Dijk";60;"18.5"
72;4;FALSE;FALSE;1;"Tarkowski";50;"10.0"
5;5;FALSE;FALSE;1;"Monreal";55;"1.6"
251;6;FALSE;FALSE;1;"Mané";98;"37.2"
253;7;TRUE;FALSE;2;"Salah";130;"54.9"
125;8;FALSE;FALSE;1;"Pedro";67;"10.6"
280;9;FALSE;TRUE;1;"Agüero";113;"48.4"
43;10;FALSE;FALSE;1;"Wilson";62;"14.3"
480;11;FALSE;FALSE;1;"Mitrovic";66;"11.6"
190;12;FALSE;FALSE;1;"Hamer";40;"6.8"
218;13;FALSE;FALSE;1;"Benalouane";40;"1.0"
19;14;FALSE;FALSE;1;"Nelson";44;"0.7"
433;15;FALSE;FALSE;1;"Neves";51;"23.6"
135;1;FALSE;FALSE;1;"Hennessey";45;"3.2"
247;2;FALSE;FALSE;1;"Robertson";61;"21.0"
70;3;FALSE;FALSE;1;"Mee";50;"4.4"
115;4;FALSE;FALSE;1;"Alonso";67;"33.2"
267;5;FALSE;FALSE;1;"Mendy";63;"33.0"
18;6;FALSE;FALSE;1;"Mkhitaryan";71;"20.3"
253;7;TRUE;FALSE;2;"Salah";130;"54.9"
393;8;FALSE;FALSE;1;"Richarlison";67;"23.5"
280;9;FALSE;TRUE;1;"Agüero";113;"48.4"
257;10;FALSE;FALSE;1;"Firmino";95;"29.1"
43;11;FALSE;FALSE;1;"Wilson";62;"14.3"
400;12;FALSE;FALSE;1;"Fabianski";45;"15.6"
126;13;FALSE;FALSE;1;"Kanté";50;"22.9"
433;14;FALSE;FALSE;1;"Neves";51;"23.6"
145;15;FALSE;FALSE;1;"Wan-Bissaka";41;"21.9"
260;1;FALSE;FALSE;1;"Ederson";56;"22.3"
267;2;FALSE;FALSE;1;"Mendy";63;"33.0"
113;3;FALSE;FALSE;1;"Azpilicueta";65;"13.1"
115;4;FALSE;FALSE;1;"Alonso";67;"33.2"
357;5;FALSE;FALSE;1;"Trippier";60;"24.2"
164;6;FALSE;FALSE;1;"Walcott";67;"13.5"
251;7;FALSE;TRUE;1;"Mané";98;"37.2"
393;8;FALSE;FALSE;1;"Richarlison";67;"23.5"
480;9;FALSE;FALSE;1;"Mitrovic";66;"11.6"
280;10;TRUE;FALSE;2;"Agüero";113;"48.4"
417;11;FALSE;FALSE;1;"Arnautovic";70;"17.9"
154;12;FALSE;FALSE;1;"Pickford";50;"17.9"
247;13;FALSE;FALSE;1;"Robertson";61;"21.0"
318;14;FALSE;FALSE;1;"Shelvey";55;"0.9"
249;15;FALSE;FALSE;1;"Henderson";54;"1.0"
498;1;FALSE;FALSE;1;"Kepa";55;"3.9"
115;2;FALSE;FALSE;1;"Alonso";67;"33.2"
357;3;FALSE;FALSE;1;"Trippier";60;"24.2"
267;4;FALSE;FALSE;1;"Mendy";63;"33.0"
242;5;FALSE;FALSE;1;"Gomez";50;"1.9"
253;6;TRUE;FALSE;2;"Salah";130;"54.9"
122;7;FALSE;FALSE;1;"Hazard";106;"14.5"
393;8;FALSE;FALSE;1;"Richarlison";67;"23.5"
182;9;FALSE;FALSE;1;"Cairney";49;"2.2"
280;10;FALSE;TRUE;1;"Agüero";113;"48.4"
43;11;FALSE;FALSE;1;"Wilson";62;"14.3"
88;12;FALSE;FALSE;1;"Etheridge";46;"5.6"
437;13;FALSE;FALSE;1;"Jiménez";55;"5.0"
433;14;FALSE;FALSE;1;"Neves";51;"23.6"
145;15;FALSE;FALSE;1;"Wan-Bissaka";41;"21.9"
468;1;FALSE;FALSE;1;"Alisson";55;"18.0"
267;2;FALSE;FALSE;1;"Mendy";63;"33.0"
247;3;FALSE;FALSE;1;"Robertson";61;"21.0"
115;4;FALSE;FALSE;1;"Alonso";67;"33.2"
393;5;FALSE;FALSE;1;"Richarlison";67;"23.5"
276;6;FALSE;FALSE;1;"Bernardo Silva";76;"10.4"
122;7;FALSE;FALSE;1;"Hazard";106;"14.5"
18;8;FALSE;FALSE;1;"Mkhitaryan";71;"20.3"
251;9;FALSE;TRUE;1;"Mané";98;"37.2"
280;10;TRUE;FALSE;2;"Agüero";113;"48.4"
177;11;FALSE;FALSE;1;"Tosun";70;"5.5"
25;12;FALSE;FALSE;1;"Boruc";40;"6.8"
145;13;FALSE;FALSE;1;"Wan-Bissaka";41;"21.9"
32;14;FALSE;FALSE;1;"Simpson";40;"5.0"
189;15;FALSE;FALSE;1;"Kamara";45;"11.2"
260;1;FALSE;TRUE;1;"Ederson";56;"22.3"
357;2;FALSE;FALSE;1;"Trippier";60;"24.2"
247;3;FALSE;FALSE;1;"Robertson";61;"21.0"
115;4;FALSE;FALSE;1;"Alonso";67;"33.2"
267;5;FALSE;FALSE;1;"Mendy";63;"33.0"
253;6;TRUE;FALSE;2;"Salah";130;"54.9"
433;7;FALSE;FALSE;1;"Neves";51;"23.6"
225;8;FALSE;FALSE;1;"Gray";55;"1.7"
417;9;FALSE;FALSE;1;"Arnautovic";70;"17.9"
280;10;FALSE;FALSE;1;"Agüero";113;"48.4"
43;11;FALSE;FALSE;1;"Wilson";62;"14.3"
490;12;FALSE;FALSE;1;"Hart";45;"5.9"
288;13;FALSE;FALSE;1;"Valencia";65;"0.6"
150;14;FALSE;FALSE;1;"Milivojevic";64;"6.0"
39;15;FALSE;FALSE;1;"Lewis Cook";49;"0.3"
260;1;FALSE;FALSE;1;"Ederson";56;"22.3"
115;2;FALSE;FALSE;1;"Alonso";67;"33.2"
267;3;FALSE;FALSE;1;"Mendy";63;"33.0"
246;4;FALSE;FALSE;1;"van Dijk";60;"18.5"
251;5;FALSE;FALSE;1;"Mané";98;"37.2"
393;6;FALSE;FALSE;1;"Richarlison";67;"23.5"
253;7;TRUE;FALSE;2;"Salah";130;"54.9"
126;8;FALSE;FALSE;1;"Kanté";50;"22.9"
43;9;FALSE;FALSE;1;"Wilson";62;"14.3"
417;10;FALSE;FALSE;1;"Arnautovic";70;"17.9"
280;11;FALSE;TRUE;1;"Agüero";113;"48.4"
136;12;FALSE;FALSE;1;"Speroni";40;"12.5"
145;13;FALSE;FALSE;1;"Wan-Bissaka";41;"21.9"
433;14;FALSE;FALSE;1;"Neves";51;"23.6"
52;15;FALSE;FALSE;1;"Suttner";40;"6.6"
445;1;FALSE;FALSE;1;"Foster";45;"4.8"
267;2;FALSE;FALSE;1;"Mendy";63;"33.0"
247;3;FALSE;FALSE;1;"Robertson";61;"21.0"
357;4;FALSE;FALSE;1;"Trippier";60;"24.2"
253;5;FALSE;FALSE;1;"Salah";130;"54.9"
251;6;TRUE;FALSE;2;"Mané";98;"37.2"
370;7;FALSE;FALSE;1;"Lucas Moura";71;"8.7"
393;8;FALSE;FALSE;1;"Richarlison";67;"23.5"
43;9;FALSE;FALSE;1;"Wilson";62;"14.3"
151;10;FALSE;FALSE;1;"Zaha";70;"32.5"
280;11;FALSE;TRUE;1;"Agüero";113;"48.4"
400;12;FALSE;FALSE;1;"Fabianski";45;"15.6"
145;13;FALSE;FALSE;1;"Wan-Bissaka";41;"21.9"
167;14;FALSE;FALSE;1;"Schneiderlin";45;"2.2"
95;15;FALSE;FALSE;1;"Peltier";40;"3.1"
260;1;FALSE;FALSE;1;"Ederson";56;"22.3"
247;2;FALSE;FALSE;1;"Robertson";61;"21.0"
267;3;FALSE;FALSE;1;"Mendy";63;"33.0"
4;4;FALSE;FALSE;1;"Bellerín";55;"12.2"
370;5;FALSE;FALSE;1;"Lucas Moura";71;"8.7"
459;6;FALSE;FALSE;1;"Jorginho";51;"14.6"
251;7;FALSE;FALSE;1;"Mané";98;"37.2"
253;8;TRUE;FALSE;2;"Salah";130;"54.9"
45;9;FALSE;FALSE;1;"King";64;"4.4"
280;10;FALSE;TRUE;1;"Agüero";113;"48.4"
151;11;FALSE;FALSE;1;"Zaha";70;"32.5"
454;12;FALSE;FALSE;1;"Patrício";45;"5.4"
141;13;FALSE;FALSE;1;"Schlupp";45;"4.4"
145;14;FALSE;FALSE;1;"Wan-Bissaka";41;"21.9"
56;15;FALSE;FALSE;1;"Stephens";45;"8.5"
445;1;FALSE;FALSE;1;"Foster";45;"4.8"
247;2;FALSE;FALSE;1;"Robertson";61;"21.0"
267;3;FALSE;FALSE;1;"Mendy";63;"33.0"
115;4;FALSE;FALSE;1;"Alonso";67;"33.2"
40;5;FALSE;FALSE;1;"Fraser";56;"5.3"
253;6;TRUE;FALSE;2;"Salah";130;"54.9"
393;7;FALSE;FALSE;1;"Richarlison";67;"23.5"
433;8;FALSE;FALSE;1;"Neves";51;"23.6"
251;9;FALSE;FALSE;1;"Mané";98;"37.2"
280;10;FALSE;TRUE;1;"Agüero";113;"48.4"
417;11;FALSE;FALSE;1;"Arnautovic";70;"17.9"
136;12;FALSE;FALSE;1;"Speroni";40;"12.5"
143;13;FALSE;FALSE;1;"Sakho";50;"1.6"
11;14;FALSE;FALSE;1;"Lichtsteiner";49;"1.6"
86;15;FALSE;FALSE;1;"Wells";45;"1.9"
260;1;FALSE;FALSE;1;"Ederson";56;"22.3"
115;2;FALSE;FALSE;1;"Alonso";67;"33.2"
247;3;FALSE;FALSE;1;"Robertson";61;"21.0"
357;4;FALSE;FALSE;1;"Trippier";60;"24.2"
276;5;FALSE;FALSE;1;"Bernardo Silva";76;"10.4"
125;6;FALSE;FALSE;1;"Pedro";67;"10.6"
251;7;TRUE;FALSE;2;"Mané";98;"37.2"
393;8;FALSE;FALSE;1;"Richarlison";67;"23.5"
480;9;FALSE;FALSE;1;"Mitrovic";66;"11.6"
43;10;FALSE;FALSE;1;"Wilson";62;"14.3"
280;11;FALSE;TRUE;1;"Agüero";113;"48.4"
445;12;FALSE;FALSE;1;"Foster";45;"4.8"
28;13;FALSE;FALSE;1;"Daniels";45;"13.4"
475;14;FALSE;FALSE;1;"Moutinho";54;"1.5"
503;15;FALSE;FALSE;1;"Montoya";45;"0.2"
445;1;FALSE;FALSE;1;"Foster";45;"4.8"
247;2;FALSE;FALSE;1;"Robertson";61;"21.0"
267;3;FALSE;FALSE;1;"Mendy";63;"33.0"
115;4;FALSE;FALSE;1;"Alonso";67;"33.2"
253;5;TRUE;FALSE;2;"Salah";130;"54.9"
251;6;FALSE;TRUE;1;"Mané";98;"37.2"
393;7;FALSE;FALSE;1;"Richarlison";67;"23.5"
391;8;FALSE;FALSE;1;"Pereyra";62;"11.0"
480;9;FALSE;FALSE;1;"Mitrovic";66;"11.6"
280;10;FALSE;FALSE;1;"Agüero";113;"48.4"
45;11;FALSE;FALSE;1;"King";64;"4.4"
400;12;FALSE;FALSE;1;"Fabianski";45;"15.6"
27;13;FALSE;FALSE;1;"Steve Cook";46;"8.7"
145;14;FALSE;FALSE;1;"Wan-Bissaka";41;"21.9"
131;15;FALSE;FALSE;1;"Hudson-Odoi";44;"1.6"
445;1;FALSE;FALSE;1;"Foster";45;"4.8"
247;2;FALSE;FALSE;1;"Robertson";61;"21.0"
267;3;FALSE;FALSE;1;"Mendy";63;"33.0"
115;4;FALSE;FALSE;1;"Alonso";67;"33.2"
253;5;TRUE;FALSE;2;"Salah";130;"54.9"
251;6;FALSE;TRUE;1;"Mané";98;"37.2"
393;7;FALSE;FALSE;1;"Richarlison";67;"23.5"
18;8;FALSE;FALSE;1;"Mkhitaryan";71;"20.3"
480;9;FALSE;FALSE;1;"Mitrovic";66;"11.6"
280;10;FALSE;FALSE;1;"Agüero";113;"48.4"
258;11;FALSE;FALSE;1;"Ings";56;"5.3"
24;12;FALSE;FALSE;1;"Begovic";45;"4.8"
433;13;FALSE;FALSE;1;"Neves";51;"23.6"
48;14;FALSE;FALSE;1;"Dunk";44;"1.9"
145;15;FALSE;FALSE;1;"Wan-Bissaka";41;"21.9"
445;1;FALSE;FALSE;1;"Foster";45;"4.8"
115;2;FALSE;FALSE;1;"Alonso";67;"33.2"
247;3;FALSE;FALSE;1;"Robertson";61;"21.0"
267;4;FALSE;FALSE;1;"Mendy";63;"33.0"
433;5;FALSE;FALSE;1;"Neves";51;"23.6"
253;6;TRUE;FALSE;2;"Salah";130;"54.9"
393;7;FALSE;FALSE;1;"Richarlison";67;"23.5"
251;8;FALSE;FALSE;1;"Mané";98;"37.2"
276;9;FALSE;FALSE;1;"Bernardo Silva";76;"10.4"
151;10;FALSE;FALSE;1;"Zaha";70;"32.5"
280;11;FALSE;TRUE;1;"Agüero";113;"48.4"
400;12;FALSE;FALSE;1;"Fabianski";45;"15.6"
189;13;FALSE;FALSE;1;"Kamara";45;"11.2"
138;14;FALSE;FALSE;1;"Tomkins";45;"6.4"
145;15;FALSE;FALSE;1;"Wan-Bissaka";41;"21.9"
282;1;FALSE;FALSE;1;"De Gea";60;"23.9"
246;2;FALSE;FALSE;1;"van Dijk";60;"18.5"
267;3;FALSE;FALSE;1;"Mendy";63;"33.0"
245;4;FALSE;FALSE;1;"Alexander-Arnold";50;"17.1"
115;5;FALSE;FALSE;1;"Alonso";67;"33.2"
4;6;FALSE;FALSE;1;"Bellerín";55;"12.2"
251;7;TRUE;FALSE;2;"Mané";98;"37.2"
271;8;FALSE;FALSE;1;"David Silva";85;"6.6"
393;9;FALSE;FALSE;1;"Richarlison";67;"23.5"
43;10;FALSE;FALSE;1;"Wilson";62;"14.3"
280;11;FALSE;TRUE;1;"Agüero";113;"48.4"
498;12;FALSE;FALSE;1;"Kepa";55;"3.9"
417;13;FALSE;FALSE;1;"Arnautovic";70;"17.9"
318;14;FALSE;FALSE;1;"Shelvey";55;"0.9"
433;15;FALSE;FALSE;1;"Neves";51;"23.6"
47;1;FALSE;FALSE;1;"Ryan";45;"4.3"
267;2;FALSE;FALSE;1;"Mendy";63;"33.0"
221;3;FALSE;FALSE;1;"Pereira";51;"5.5"
247;4;FALSE;FALSE;1;"Robertson";61;"21.0"
251;5;FALSE;TRUE;1;"Mané";98;"37.2"
253;6;TRUE;FALSE;2;"Salah";130;"54.9"
392;7;FALSE;FALSE;1;"Hughes";50;"1.3"
393;8;FALSE;FALSE;1;"Richarlison";67;"23.5"
280;9;FALSE;FALSE;1;"Agüero";113;"48.4"
480;10;FALSE;FALSE;1;"Mitrovic";66;"11.6"
151;11;FALSE;FALSE;1;"Zaha";70;"32.5"
474;12;FALSE;FALSE;1;"Fabri";45;"0.4"
40;13;FALSE;FALSE;1;"Fraser";56;"5.3"
142;14;FALSE;FALSE;1;"van Aanholt";55;"5.5"
145;15;FALSE;FALSE;1;"Wan-Bissaka";41;"21.9"
468;1;FALSE;FALSE;1;"Alisson";55;"18.0"
28;2;FALSE;FALSE;1;"Daniels";45;"13.4"
115;3;FALSE;FALSE;1;"Alonso";67;"33.2"
332;4;FALSE;FALSE;1;"Cédric";44;"5.6"
295;5;FALSE;TRUE;1;"Sánchez";102;"2.9"
304;6;FALSE;FALSE;1;"Fred";59;"3.1"
251;7;FALSE;FALSE;1;"Mané";98;"37.2"
253;8;TRUE;FALSE;2;"Salah";130;"54.9"
151;9;FALSE;FALSE;1;"Zaha";70;"32.5"
45;10;FALSE;FALSE;1;"King";64;"4.4"
480;11;FALSE;FALSE;1;"Mitrovic";66;"11.6"
454;12;FALSE;FALSE;1;"Patrício";45;"5.4"
145;13;FALSE;FALSE;1;"Wan-Bissaka";41;"21.9"
433;14;FALSE;FALSE;1;"Neves";51;"23.6"
72;15;FALSE;FALSE;1;"Tarkowski";50;"10.0"
260;1;FALSE;FALSE;1;"Ederson";56;"22.3"
115;2;FALSE;FALSE;1;"Alonso";67;"33.2"
247;3;FALSE;FALSE;1;"Robertson";61;"21.0"
267;4;FALSE;FALSE;1;"Mendy";63;"33.0"
142;5;FALSE;FALSE;1;"van Aanholt";55;"5.5"
393;6;FALSE;FALSE;1;"Richarlison";67;"23.5"
253;7;TRUE;FALSE;2;"Salah";130;"54.9"
251;8;FALSE;FALSE;1;"Mané";98;"37.2"
280;9;FALSE;TRUE;1;"Agüero";113;"48.4"
43;10;FALSE;FALSE;1;"Wilson";62;"14.3"
151;11;FALSE;FALSE;1;"Zaha";70;"32.5"
179;12;FALSE;FALSE;1;"Button";40;"1.7"
131;13;FALSE;FALSE;1;"Hudson-Odoi";44;"1.6"
56;14;FALSE;FALSE;1;"Stephens";45;"8.5"
145;15;FALSE;FALSE;1;"Wan-Bissaka";41;"21.9"
260;1;FALSE;FALSE;1;"Ederson";56;"22.3"
245;2;FALSE;FALSE;1;"Alexander-Arnold";50;"17.1"
267;3;FALSE;FALSE;1;"Mendy";63;"33.0"
115;4;FALSE;FALSE;1;"Alonso";67;"33.2"
141;5;FALSE;FALSE;1;"Schlupp";45;"4.4"
393;6;FALSE;FALSE;1;"Richarlison";67;"23.5"
253;7;TRUE;FALSE;3;"Salah";130;"54.9"
122;8;FALSE;FALSE;1;"Hazard";106;"14.5"
251;9;FALSE;TRUE;1;"Mané";98;"37.2"
435;10;FALSE;FALSE;1;"Costa";49;"0.6"
23;11;FALSE;FALSE;1;"Aubameyang";109;"14.4"
190;12;FALSE;FALSE;1;"Hamer";40;"6.8"
189;13;FALSE;FALSE;1;"Kamara";45;"11.2"
145;14;FALSE;FALSE;1;"Wan-Bissaka";41;"21.9"
524;15;FALSE;FALSE;1;"Success";45;"1.0"
24;1;FALSE;TRUE;1;"Begovic";45;"4.8"
247;2;FALSE;FALSE;1;"Robertson";61;"21.0"
115;3;FALSE;FALSE;1;"Alonso";67;"33.2"
267;4;FALSE;FALSE;1;"Mendy";63;"33.0"
253;5;TRUE;FALSE;2;"Salah";130;"54.9"
370;6;FALSE;FALSE;1;"Lucas Moura";71;"8.7"
393;7;FALSE;FALSE;1;"Richarlison";67;"23.5"
251;8;FALSE;FALSE;1;"Mané";98;"37.2"
43;9;FALSE;FALSE;1;"Wilson";62;"14.3"
280;10;FALSE;FALSE;1;"Agüero";113;"48.4"
417;11;FALSE;FALSE;1;"Arnautovic";70;"17.9"
136;12;FALSE;FALSE;1;"Speroni";40;"12.5"
218;13;FALSE;FALSE;1;"Benalouane";40;"1.0"
168;14;FALSE;FALSE;1;"Gueye";50;"0.5"
53;15;FALSE;FALSE;1;"Schelotto";40;"2.0"
260;1;FALSE;FALSE;1;"Ederson";56;"22.3"
267;2;FALSE;FALSE;1;"Mendy";63;"33.0"
115;3;FALSE;FALSE;1;"Alonso";67;"33.2"
247;4;FALSE;FALSE;1;"Robertson";61;"21.0"
251;5;FALSE;FALSE;1;"Mané";98;"37.2"
393;6;FALSE;FALSE;1;"Richarlison";67;"23.5"
253;7;TRUE;FALSE;2;"Salah";130;"54.9"
18;8;FALSE;FALSE;1;"Mkhitaryan";71;"20.3"
43;9;FALSE;FALSE;1;"Wilson";62;"14.3"
480;10;FALSE;FALSE;1;"Mitrovic";66;"11.6"
280;11;FALSE;TRUE;1;"Agüero";113;"48.4"
190;12;FALSE;FALSE;1;"Hamer";40;"6.8"
451;13;FALSE;FALSE;1;"Guendouzi";45;"3.3"
427;14;FALSE;FALSE;1;"Bennett";40;"7.7"
145;15;FALSE;FALSE;1;"Wan-Bissaka";41;"21.9"
260;1;FALSE;FALSE;1;"Ederson";56;"22.3"
247;2;FALSE;FALSE;1;"Robertson";61;"21.0"
115;3;FALSE;FALSE;1;"Alonso";67;"33.2"
72;4;FALSE;FALSE;1;"Tarkowski";50;"10.0"
141;5;FALSE;FALSE;1;"Schlupp";45;"4.4"
253;6;FALSE;FALSE;1;"Salah";130;"54.9"
393;7;FALSE;FALSE;1;"Richarlison";67;"23.5"
251;8;TRUE;FALSE;2;"Mané";98;"37.2"
151;9;FALSE;FALSE;1;"Zaha";70;"32.5"
45;10;FALSE;FALSE;1;"King";64;"4.4"
280;11;FALSE;TRUE;1;"Agüero";113;"48.4"
136;12;FALSE;FALSE;1;"Speroni";40;"12.5"
433;13;FALSE;FALSE;1;"Neves";51;"23.6"
56;14;FALSE;FALSE;1;"Stephens";45;"8.5"
427;15;FALSE;FALSE;1;"Bennett";40;"7.7"
260;1;FALSE;FALSE;1;"Ederson";56;"22.3"
267;2;FALSE;FALSE;1;"Mendy";63;"33.0"
115;3;FALSE;FALSE;1;"Alonso";67;"33.2"
247;4;FALSE;FALSE;1;"Robertson";61;"21.0"
392;5;FALSE;FALSE;1;"Hughes";50;"1.3"
253;6;TRUE;FALSE;2;"Salah";130;"54.9"
251;7;FALSE;FALSE;1;"Mané";98;"37.2"
393;8;FALSE;FALSE;1;"Richarlison";67;"23.5"
280;9;FALSE;TRUE;1;"Agüero";113;"48.4"
177;10;FALSE;FALSE;1;"Tosun";70;"5.5"
151;11;FALSE;FALSE;1;"Zaha";70;"32.5"
190;12;FALSE;FALSE;1;"Hamer";40;"6.8"
182;13;FALSE;FALSE;1;"Cairney";49;"2.2"
95;14;FALSE;FALSE;1;"Peltier";40;"3.1"
145;15;FALSE;FALSE;1;"Wan-Bissaka";41;"21.9"
260;1;FALSE;FALSE;1;"Ederson";56;"22.3"
247;2;FALSE;FALSE;1;"Robertson";61;"21.0"
357;3;FALSE;FALSE;1;"Trippier";60;"24.2"
115;4;FALSE;FALSE;1;"Alonso";67;"33.2"
18;5;FALSE;FALSE;1;"Mkhitaryan";71;"20.3"
393;6;FALSE;FALSE;1;"Richarlison";67;"23.5"
251;7;TRUE;FALSE;2;"Mané";98;"37.2"
40;8;FALSE;FALSE;1;"Fraser";56;"5.3"
302;9;FALSE;FALSE;1;"Pogba";82;"17.9"
280;10;FALSE;TRUE;1;"Agüero";113;"48.4"
257;11;FALSE;FALSE;1;"Firmino";95;"29.1"
400;12;FALSE;FALSE;1;"Fabianski";45;"15.6"
72;13;FALSE;FALSE;1;"Tarkowski";50;"10.0"
437;14;FALSE;FALSE;1;"Jiménez";55;"5.0"
335;15;FALSE;FALSE;1;"Bednarek";39;"4.0"
